"elementList__propertyCode","elementList__thumbnail","elementList__externalReference","elementList__numPhotos","elementList__floor","elementList__price","elementList__propertyType","elementList__operation","elementList__size","elementList__exterior","elementList__rooms","elementList__bathrooms","elementList__address","elementList__province","elementList__municipality","elementList__district","elementList__country","elementList__latitude","elementList__longitude","elementList__showAddress","elementList__url","elementList__distance","elementList__description","elementList__hasVideo","elementList__status","elementList__newDevelopment","elementList__hasLift","elementList__parkingSpace__hasParkingSpace","elementList__parkingSpace__isParkingSpaceIncludedInPrice","elementList__newDevelopmentFinished","elementList__priceByArea","elementList__detailedType__typology","elementList__detailedType__subTypology","elementList__suggestedTexts__subtitle","elementList__suggestedTexts__title","elementList__hasPlan","elementList__has3DTour","elementList__has360","elementList__hasStaging","elementList__labels__name","elementList__labels__text","elementList__superTopHighlight","elementList__topNewDevelopment","total","totalPages","actualPage","itemsPerPage","numPaginations","summary","alertName","paginable","upperRangePosition","lowerRangePosition"
"94300961","https://img3.idealista.com/blur/WEB_LISTING/0/id.pro.es.image.master/23/02/d7/727054685.jpg","23","10","1","210940.0","flat","sale","104.0","True","2","2","Calle Arganda, 17","Madrid","Loeches","","es","40.3827674","-3.4101723","True","https://www.idealista.com/obra-nueva/94300961/","8895","Obra nueva Residencial “LOS JARDINES DEL CONDE DUQUE” Sagelliv Obras y Construcciones. Pisos de 1 y 2 dormitorios. Desde 169.000 €. NUEVA PROMOCIÓN OBRA NUEVA 24 VIVIENDAS DE VENTA LIBRE EN LOECHES, CENTRO DEL CASCO. LICENCIA DE OBRAS CONCEDIDA. COMIENZO DE OBRA INMINENTE. 38 plazas de garaje individuales, de coche y moto, con piscina, pádel, parque y piscina infantil, jardines, incluido en el precio. Calle Arganda, 17 con vuelta a calle Coso, 1. La promoción se encuentra en el centro del casco urbano a 100 m. del ayuntamiento. Con todos los servicios, farmacia, centro de salud, transporte público en zona residencial y muy tranquila. Viviendas de 1 y 2 dormitorios, bajos con jardín y dúplex con terraza amplia. Video portero, cocina amueblada, climatización por Aerotermia frio/calor, con suelo refrescante, jardín comunitario, con piscina, pádel, parque infantil, piscina de niños, totalmente cerrado, en urbanización privada. La viviendas incluyen garaje y trastero. Con excelentes relación calidad precio. SAGELLIV, con más de 20 años de experiencia, es fiel a su filosofía de trabajo: “CON DEDICACIÓN, CREANDO HOGARES. ” Ponemos a su disposición nuestro equipo de trabajo en nuestra oficina: Plaza de la Villa, 14 - 1º Loeches – Madrid.","False","newdevelopment","True","True","True","True","False","2028.0","flat","","Loeches","Piso en Calle Arganda, 17","True","False","False","False","","","False","False","1168","24","12","50","0","Comprar","Viviendas en distrito El Mirador - Grillero, Arganda","True","600","550"
"94300982","https://img3.idealista.com/blur/WEB_LISTING/0/id.pro.es.image.master/4f/97/62/717106621.jpg","19","10","1","209880.0","flat","sale","102.0","True","2","2","Calle Arganda, 17","Madrid","Loeches","","es","40.3827674","-3.4101723","True","https://www.idealista.com/obra-nueva/94300982/","8895","Obra nueva Residencial “LOS JARDINES DEL CONDE DUQUE” Sagelliv Obras y Construcciones. Pisos de 1 y 2 dormitorios. Desde 169.000 €. NUEVA PROMOCIÓN OBRA NUEVA 24 VIVIENDAS DE VENTA LIBRE EN LOECHES, CENTRO DEL CASCO. LICENCIA DE OBRAS CONCEDIDA. COMIENZO DE OBRA INMINENTE. 38 plazas de garaje individuales, de coche y moto, con piscina, pádel, parque y piscina infantil, jardines, incluido en el precio. Calle Arganda, 17 con vuelta a calle Coso, 1. La promoción se encuentra en el centro del casco urbano a 100 m. del ayuntamiento. Con todos los servicios, farmacia, centro de salud, transporte público en zona residencial y muy tranquila. Viviendas de 1 y 2 dormitorios, bajos con jardín y dúplex con terraza amplia. Video portero, cocina amueblada, climatización por Aerotermia frio/calor, con suelo refrescante, jardín comunitario, con piscina, pádel, parque infantil, piscina de niños, totalmente cerrado, en urbanización privada. La viviendas incluyen garaje y trastero. Con excelentes relación calidad precio. SAGELLIV, con más de 20 años de experiencia, es fiel a su filosofía de trabajo: “CON DEDICACIÓN, CREANDO HOGARES. ” Ponemos a su disposición nuestro equipo de trabajo en nuestra oficina: Plaza de la Villa, 14 - 1º Loeches – Madrid.","False","newdevelopment","True","True","True","True","False","2058.0","flat","","Loeches","Piso en Calle Arganda, 17","True","False","False","False","","","False","False","","","","","","Viviendas","","","",""
"94300938","https://img3.idealista.com/blur/WEB_LISTING/0/id.pro.es.image.master/b8/25/92/737620856.jpg","14","10","1","210940.0","flat","sale","119.0","True","2","2","Calle Arganda, 17","Madrid","Loeches","","es","40.3827674","-3.4101723","True","https://www.idealista.com/obra-nueva/94300938/","8895","Obra nueva Residencial “LOS JARDINES DEL CONDE DUQUE” Sagelliv Obras y Construcciones. Pisos de 1 y 2 dormitorios. Desde 169.000 €. NUEVA PROMOCIÓN OBRA NUEVA 24 VIVIENDAS DE VENTA LIBRE EN LOECHES, CENTRO DEL CASCO. LICENCIA DE OBRAS CONCEDIDA. COMIENZO DE OBRA INMINENTE. 38 plazas de garaje individuales, de coche y moto, con piscina, pádel, parque y piscina infantil, jardines, incluido en el precio. Calle Arganda, 17 con vuelta a calle Coso, 1. La promoción se encuentra en el centro del casco urbano a 100 m. del ayuntamiento. Con todos los servicios, farmacia, centro de salud, transporte público en zona residencial y muy tranquila. Viviendas de 1 y 2 dormitorios, bajos con jardín y dúplex con terraza amplia. Video portero, cocina amueblada, climatización por Aerotermia frio/calor, con suelo refrescante, jardín comunitario, con piscina, pádel, parque infantil, piscina de niños, totalmente cerrado, en urbanización privada. La viviendas incluyen garaje y trastero. Con excelentes relación calidad precio. SAGELLIV, con más de 20 años de experiencia, es fiel a su filosofía de trabajo: “CON DEDICACIÓN, CREANDO HOGARES. ” Ponemos a su disposición nuestro equipo de trabajo en nuestra oficina: Plaza de la Villa, 14 - 1º Loeches – Madrid.","False","newdevelopment","True","True","True","True","False","1773.0","flat","","Loeches","Piso en Calle Arganda, 17","True","False","False","False","","","False","False","","","","","","distrito El Mirador - Grillero, Arganda","","","",""
"94300945","https://img3.idealista.com/blur/WEB_LISTING/0/id.pro.es.image.master/4f/97/62/717106621.jpg","15","10","1","208820.0","flat","sale","99.0","True","2","2","Calle Arganda, 17","Madrid","Loeches","","es","40.3827674","-3.4101723","True","https://www.idealista.com/obra-nueva/94300945/","8895","Obra nueva Residencial “LOS JARDINES DEL CONDE DUQUE” Sagelliv Obras y Construcciones. Pisos de 1 y 2 dormitorios. Desde 169.000 €. NUEVA PROMOCIÓN OBRA NUEVA 24 VIVIENDAS DE VENTA LIBRE EN LOECHES, CENTRO DEL CASCO. LICENCIA DE OBRAS CONCEDIDA. COMIENZO DE OBRA INMINENTE. 38 plazas de garaje individuales, de coche y moto, con piscina, pádel, parque y piscina infantil, jardines, incluido en el precio. Calle Arganda, 17 con vuelta a calle Coso, 1. La promoción se encuentra en el centro del casco urbano a 100 m. del ayuntamiento. Con todos los servicios, farmacia, centro de salud, transporte público en zona residencial y muy tranquila. Viviendas de 1 y 2 dormitorios, bajos con jardín y dúplex con terraza amplia. Video portero, cocina amueblada, climatización por Aerotermia frio/calor, con suelo refrescante, jardín comunitario, con piscina, pádel, parque infantil, piscina de niños, totalmente cerrado, en urbanización privada. La viviendas incluyen garaje y trastero. Con excelentes relación calidad precio. SAGELLIV, con más de 20 años de experiencia, es fiel a su filosofía de trabajo: “CON DEDICACIÓN, CREANDO HOGARES. ” Ponemos a su disposición nuestro equipo de trabajo en nuestra oficina: Plaza de la Villa, 14 - 1º Loeches – Madrid.","False","newdevelopment","True","True","True","True","False","2109.0","flat","","Loeches","Piso en Calle Arganda, 17","True","False","False","False","","","False","False","","","","","","Todos los precios","","","",""
"94300920","https://img3.idealista.com/blur/WEB_LISTING/0/id.pro.es.image.master/ba/84/23/733777819.jpg","9","10","1","206700.0","flat","sale","101.0","True","2","2","Calle Arganda, 17","Madrid","Loeches","","es","40.3827674","-3.4101723","True","https://www.idealista.com/obra-nueva/94300920/","8895","Obra nueva Residencial “LOS JARDINES DEL CONDE DUQUE” Sagelliv Obras y Construcciones. Pisos de 1 y 2 dormitorios. Desde 169.000 €. NUEVA PROMOCIÓN OBRA NUEVA 24 VIVIENDAS DE VENTA LIBRE EN LOECHES, CENTRO DEL CASCO. LICENCIA DE OBRAS CONCEDIDA. COMIENZO DE OBRA INMINENTE. 38 plazas de garaje individuales, de coche y moto, con piscina, pádel, parque y piscina infantil, jardines, incluido en el precio. Calle Arganda, 17 con vuelta a calle Coso, 1. La promoción se encuentra en el centro del casco urbano a 100 m. del ayuntamiento. Con todos los servicios, farmacia, centro de salud, transporte público en zona residencial y muy tranquila. Viviendas de 1 y 2 dormitorios, bajos con jardín y dúplex con terraza amplia. Video portero, cocina amueblada, climatización por Aerotermia frio/calor, con suelo refrescante, jardín comunitario, con piscina, pádel, parque infantil, piscina de niños, totalmente cerrado, en urbanización privada. La viviendas incluyen garaje y trastero. Con excelentes relación calidad precio. SAGELLIV, con más de 20 años de experiencia, es fiel a su filosofía de trabajo: “CON DEDICACIÓN, CREANDO HOGARES. ” Ponemos a su disposición nuestro equipo de trabajo en nuestra oficina: Plaza de la Villa, 14 - 1º Loeches – Madrid.","False","newdevelopment","True","True","True","True","False","2047.0","flat","","Loeches","Piso en Calle Arganda, 17","True","False","False","False","","","False","False","","","","","","Todos los tamaños","","","",""
"94300905","https://img3.idealista.com/blur/WEB_LISTING/0/id.pro.es.image.master/4f/97/62/717106621.jpg","7","10","bj","207760.0","flat","sale","107.0","True","2","2","Calle Arganda, 17","Madrid","Loeches","","es","40.3827674","-3.4101723","True","https://www.idealista.com/obra-nueva/94300905/","8895","Obra nueva Residencial “LOS JARDINES DEL CONDE DUQUE” Sagelliv Obras y Construcciones. Pisos de 1 y 2 dormitorios. Desde 169.000 €. NUEVA PROMOCIÓN OBRA NUEVA 24 VIVIENDAS DE VENTA LIBRE EN LOECHES, CENTRO DEL CASCO. LICENCIA DE OBRAS CONCEDIDA. COMIENZO DE OBRA INMINENTE. 38 plazas de garaje individuales, de coche y moto, con piscina, pádel, parque y piscina infantil, jardines, incluido en el precio. Calle Arganda, 17 con vuelta a calle Coso, 1. La promoción se encuentra en el centro del casco urbano a 100 m. del ayuntamiento. Con todos los servicios, farmacia, centro de salud, transporte público en zona residencial y muy tranquila. Viviendas de 1 y 2 dormitorios, bajos con jardín y dúplex con terraza amplia. Video portero, cocina amueblada, climatización por Aerotermia frio/calor, con suelo refrescante, jardín comunitario, con piscina, pádel, parque infantil, piscina de niños, totalmente cerrado, en urbanización privada. La viviendas incluyen garaje y trastero. Con excelentes relación calidad precio. SAGELLIV, con más de 20 años de experiencia, es fiel a su filosofía de trabajo: “CON DEDICACIÓN, CREANDO HOGARES. ” Ponemos a su disposición nuestro equipo de trabajo en nuestra oficina: Plaza de la Villa, 14 - 1º Loeches – Madrid.","False","newdevelopment","True","True","True","True","False","1942.0","flat","","Loeches","Piso en Calle Arganda, 17","True","False","False","False","","","False","False","","","","","","","","","",""
"94300876","https://img3.idealista.com/blur/WEB_LISTING/0/id.pro.es.image.master/b8/25/92/737620856.jpg","2","10","bj","207760.0","flat","sale","106.0","True","2","2","Calle Arganda, 17","Madrid","Loeches","","es","40.3827674","-3.4101723","True","https://www.idealista.com/obra-nueva/94300876/","8895","Obra nueva Residencial “LOS JARDINES DEL CONDE DUQUE” Sagelliv Obras y Construcciones. Pisos de 1 y 2 dormitorios. Desde 169.000 €. NUEVA PROMOCIÓN OBRA NUEVA 24 VIVIENDAS DE VENTA LIBRE EN LOECHES, CENTRO DEL CASCO. LICENCIA DE OBRAS CONCEDIDA. COMIENZO DE OBRA INMINENTE. 38 plazas de garaje individuales, de coche y moto, con piscina, pádel, parque y piscina infantil, jardines, incluido en el precio. Calle Arganda, 17 con vuelta a calle Coso, 1. La promoción se encuentra en el centro del casco urbano a 100 m. del ayuntamiento. Con todos los servicios, farmacia, centro de salud, transporte público en zona residencial y muy tranquila. Viviendas de 1 y 2 dormitorios, bajos con jardín y dúplex con terraza amplia. Video portero, cocina amueblada, climatización por Aerotermia frio/calor, con suelo refrescante, jardín comunitario, con piscina, pádel, parque infantil, piscina de niños, totalmente cerrado, en urbanización privada. La viviendas incluyen garaje y trastero. Con excelentes relación calidad precio. SAGELLIV, con más de 20 años de experiencia, es fiel a su filosofía de trabajo: “CON DEDICACIÓN, CREANDO HOGARES. ” Ponemos a su disposición nuestro equipo de trabajo en nuestra oficina: Plaza de la Villa, 14 - 1º Loeches – Madrid.","False","newdevelopment","True","True","True","True","False","1960.0","flat","","Loeches","Piso en Calle Arganda, 17","True","False","False","False","","","False","False","","","","","","","","","",""
"94300864","https://img3.idealista.com/blur/WEB_LISTING/0/id.pro.es.image.master/ba/84/23/733777819.jpg","6","10","bj","217300.0","flat","sale","131.0","True","2","2","Calle Arganda, 17","Madrid","Loeches","","es","40.3827674","-3.4101723","True","https://www.idealista.com/obra-nueva/94300864/","8895","Obra nueva Residencial “LOS JARDINES DEL CONDE DUQUE” Sagelliv Obras y Construcciones. Pisos de 1 y 2 dormitorios. Desde 169.000 €. NUEVA PROMOCIÓN OBRA NUEVA 24 VIVIENDAS DE VENTA LIBRE EN LOECHES, CENTRO DEL CASCO. LICENCIA DE OBRAS CONCEDIDA. COMIENZO DE OBRA INMINENTE. 38 plazas de garaje individuales, de coche y moto, con piscina, pádel, parque y piscina infantil, jardines, incluido en el precio. Calle Arganda, 17 con vuelta a calle Coso, 1. La promoción se encuentra en el centro del casco urbano a 100 m. del ayuntamiento. Con todos los servicios, farmacia, centro de salud, transporte público en zona residencial y muy tranquila. Viviendas de 1 y 2 dormitorios, bajos con jardín y dúplex con terraza amplia. Video portero, cocina amueblada, climatización por Aerotermia frio/calor, con suelo refrescante, jardín comunitario, con piscina, pádel, parque infantil, piscina de niños, totalmente cerrado, en urbanización privada. La viviendas incluyen garaje y trastero. Con excelentes relación calidad precio. SAGELLIV, con más de 20 años de experiencia, es fiel a su filosofía de trabajo: “CON DEDICACIÓN, CREANDO HOGARES. ” Ponemos a su disposición nuestro equipo de trabajo en nuestra oficina: Plaza de la Villa, 14 - 1º Loeches – Madrid.","False","newdevelopment","True","True","True","True","False","1659.0","flat","","Loeches","Piso en Calle Arganda, 17","True","False","False","False","","","False","False","","","","","","","","","",""
"94300863","https://img3.idealista.com/blur/WEB_LISTING/0/id.pro.es.image.master/23/02/d7/727054685.jpg","5","10","bj","220480.0","flat","sale","148.0","True","2","2","Calle Arganda, 17","Madrid","Loeches","","es","40.3827674","-3.4101723","True","https://www.idealista.com/obra-nueva/94300863/","8895","Obra nueva Residencial “LOS JARDINES DEL CONDE DUQUE” Sagelliv Obras y Construcciones. Pisos de 1 y 2 dormitorios. Desde 169.000 €. NUEVA PROMOCIÓN OBRA NUEVA 24 VIVIENDAS DE VENTA LIBRE EN LOECHES, CENTRO DEL CASCO. LICENCIA DE OBRAS CONCEDIDA. COMIENZO DE OBRA INMINENTE. 38 plazas de garaje individuales, de coche y moto, con piscina, pádel, parque y piscina infantil, jardines, incluido en el precio. Calle Arganda, 17 con vuelta a calle Coso, 1. La promoción se encuentra en el centro del casco urbano a 100 m. del ayuntamiento. Con todos los servicios, farmacia, centro de salud, transporte público en zona residencial y muy tranquila. Viviendas de 1 y 2 dormitorios, bajos con jardín y dúplex con terraza amplia. Video portero, cocina amueblada, climatización por Aerotermia frio/calor, con suelo refrescante, jardín comunitario, con piscina, pádel, parque infantil, piscina de niños, totalmente cerrado, en urbanización privada. La viviendas incluyen garaje y trastero. Con excelentes relación calidad precio. SAGELLIV, con más de 20 años de experiencia, es fiel a su filosofía de trabajo: “CON DEDICACIÓN, CREANDO HOGARES. ” Ponemos a su disposición nuestro equipo de trabajo en nuestra oficina: Plaza de la Villa, 14 - 1º Loeches – Madrid.","False","newdevelopment","True","True","True","True","False","1490.0","flat","","Loeches","Piso en Calle Arganda, 17","True","False","False","False","","","False","False","","","","","","","","","",""
"94300862","https://img3.idealista.com/blur/WEB_LISTING/0/id.pro.es.image.master/a7/b8/2b/717106622.jpg","4","10","bj","224720.0","flat","sale","167.0","True","2","2","Calle Arganda, 17","Madrid","Loeches","","es","40.3827674","-3.4101723","True","https://www.idealista.com/obra-nueva/94300862/","8895","Obra nueva Residencial “LOS JARDINES DEL CONDE DUQUE” Sagelliv Obras y Construcciones. Pisos de 1 y 2 dormitorios. Desde 169.000 €. NUEVA PROMOCIÓN OBRA NUEVA 24 VIVIENDAS DE VENTA LIBRE EN LOECHES, CENTRO DEL CASCO. LICENCIA DE OBRAS CONCEDIDA. COMIENZO DE OBRA INMINENTE. 38 plazas de garaje individuales, de coche y moto, con piscina, pádel, parque y piscina infantil, jardines, incluido en el precio. Calle Arganda, 17 con vuelta a calle Coso, 1. La promoción se encuentra en el centro del casco urbano a 100 m. del ayuntamiento. Con todos los servicios, farmacia, centro de salud, transporte público en zona residencial y muy tranquila. Viviendas de 1 y 2 dormitorios, bajos con jardín y dúplex con terraza amplia. Video portero, cocina amueblada, climatización por Aerotermia frio/calor, con suelo refrescante, jardín comunitario, con piscina, pádel, parque infantil, piscina de niños, totalmente cerrado, en urbanización privada. La viviendas incluyen garaje y trastero. Con excelentes relación calidad precio. SAGELLIV, con más de 20 años de experiencia, es fiel a su filosofía de trabajo: “CON DEDICACIÓN, CREANDO HOGARES. ” Ponemos a su disposición nuestro equipo de trabajo en nuestra oficina: Plaza de la Villa, 14 - 1º Loeches – Madrid.","False","newdevelopment","True","True","True","True","False","1346.0","flat","","Loeches","Piso en Calle Arganda, 17","True","False","False","False","","","False","False","","","","","","","","","",""
"94300741","https://img3.idealista.com/blur/WEB_LISTING/0/id.pro.es.image.master/4f/97/62/717106621.jpg","1","10","bj","243000.0","flat","sale","189.0","True","2","2","Calle Arganda, 17","Madrid","Loeches","","es","40.3827674","-3.4101723","True","https://www.idealista.com/obra-nueva/94300741/","8895","Obra nueva Residencial “LOS JARDINES DEL CONDE DUQUE” Sagelliv Obras y Construcciones. Pisos de 1 y 2 dormitorios. Desde 169.000 €. NUEVA PROMOCIÓN OBRA NUEVA 24 VIVIENDAS DE VENTA LIBRE EN LOECHES, CENTRO DEL CASCO. LICENCIA DE OBRAS CONCEDIDA. COMIENZO DE OBRA INMINENTE. 38 plazas de garaje individuales, de coche y moto, con piscina, pádel, parque y piscina infantil, jardines, incluido en el precio. Calle Arganda, 17 con vuelta a calle Coso, 1. La promoción se encuentra en el centro del casco urbano a 100 m. del ayuntamiento. Con todos los servicios, farmacia, centro de salud, transporte público en zona residencial y muy tranquila. Viviendas de 1 y 2 dormitorios, bajos con jardín y dúplex con terraza amplia. Video portero, cocina amueblada, climatización por Aerotermia frio/calor, con suelo refrescante, jardín comunitario, con piscina, pádel, parque infantil, piscina de niños, totalmente cerrado, en urbanización privada. La viviendas incluyen garaje y trastero. Con excelentes relación calidad precio. SAGELLIV, con más de 20 años de experiencia, es fiel a su filosofía de trabajo: “CON DEDICACIÓN, CREANDO HOGARES. ” Ponemos a su disposición nuestro equipo de trabajo en nuestra oficina: Plaza de la Villa, 14 - 1º Loeches – Madrid.","False","newdevelopment","True","True","True","True","False","1286.0","flat","","Loeches","Piso en Calle Arganda, 17","True","False","False","False","","","False","False","","","","","","","","","",""
"92213838","https://img3.idealista.com/blur/WEB_LISTING/0/id.pro.es.image.master/4e/28/60/865112725.jpg","","99","","1050000.0","chalet","sale","740.0","False","5","4","Diseminado Valdegrande","Madrid","Chinchón","","es","40.2113547","-3.4928776","False","https://www.idealista.com/inmueble/92213838/","12684","FINCA EN VENTA A MEDIA HORA DE MADRID Ubicada en el término municipal de Chinchón.  Se trata de una finca de más de cinco hectáreas de terreno (51.500 m2) en la que existen varias edificaciones: En la entrada de la finca se encuentra un amplio espacio exterior ajardinado en el que se pueden estacionar varios vehículos.  1. - CASA PRINCIPAL: 420 m2 construidos. Se accede a través de un bonito patio que aporta luminosidad a toda la casa. Cuenta con 4 dormitorios (tres de ellos con el cuarto de baño incorporado). Un baño adicional completo, además de un aseo de cortesía.  Salón en dos alturas, desde el que se accede al porche y al jardín, que cuenta con chimenea central además de un altillo/biblioteca, comedor con chimenea y cocina desde la que se accede, a través de una escalera, a un espacio auxiliar (despensa, office, dormitorio de servicio, etc. ). La casa principal dispone de un amplio jardín y porche con vistas al campo 2. - VIVIENDA AUXILIAR - PABELLÓN DE INVITADOS 60 m2 construidos distribuidos en 1 dormitorio, baño, cocina, y salón. 3. - CUARTO DE CALDERAS Y ALMACÉN 4. -VESTUARIOS/SPA En una plataforma de terreno inferior a la de las edificaciones anteriores se encuentra un segundo jardín con amplia piscina, barbacoa exterior, cenador al aire libre y una cuarta edificación: Se trata de una edificación que acoge en el ala derecha dos habitaciones, dos baños completos con ducha y en el ala izquierda un SPA que cuenta con sauna, jacuzzi y ducha. Las dos habitaciones cuentan con climatización y luz natural por lo que podrían destinarse como habitaciones para invitados. La finca cuenta además con unas caballerizas y un silo.","False","good","False","","True","True","","1419.0","chalet","independantHouse","Chinchón","Casa independiente en Diseminado Valdegrande","True","False","False","False","villaType","Villa","False","False","","","","","","","","","",""
"","","","","","","","","","","","","","","","","","","","","","","","","","","","","","","","","","","","","","","","luxuryType","Lujo","","","","","","","","","","","",""
"89087465","https://img3.idealista.com/blur/WEB_LISTING/0/id.pro.es.image.master/ca/a2/55/1047583583.jpg","GIRE-1151002","8","bj","46000.0","flat","sale","44.0","True","2","1","Calle Alamillo","Madrid","Valdilecha","","es","40.2933502","-3.303574","False","https://www.idealista.com/inmueble/89087465/","8558","¿Quieres comprar piso de 2 habitaciones en Valdilecha de 44 metros cuadrados? Excelente oportunidad de adquirir en propiedad este piso residencial con una superficie de 44 m² bien distribuidos en 2 habitaciones 1 cuarto de baño ubicado en la localidad de Valdilecha, provincia de Madrid. ¿Quieres más información? No dudes en ponerte en contacto con nosotros. Visita sin compromiso, sin comisiones de intermediación. Más información rellenando el formulario de contacto o por teléfono. Estaremos encantados de atenderte. Portal es una plataforma inmobiliaria donde podrás acceder a miles de activos inmobiliarios de diferentes tipos como viviendas, locales comerciales, terrenos, nueva obra.. . tanto a nivel particular como para inversores. Portal cuenta con una amplia cartera de activos inmuebles tanto en España como en Portugal y Grecia.","False","renew","False","False","","","","1045.0","flat","","Valdilecha","Piso en Calle Alamillo","False","False","False","False","","","False","False","","","","","","","","","",""
"86399060","https://img3.idealista.com/blur/WEB_LISTING/0/id.pro.es.image.master/7b/70/ac/692182817.jpg","1ºB Tipo 17","13","1","175302.0","flat","sale","110.0","True","2","2","Calle Manzanilla, 4","Madrid","Loeches","","es","40.3816859","-3.4224141","True","https://www.idealista.com/obra-nueva/86399060/","8900","Proyecto SINGULAR de 52 viviendas de renta libre en Loeches, C/ Manzanilla, 4. Promovida por Hestia Homes, S. Coop. Mad. La promoción cuenta con un diseño moderno ubicada en la zona de mayor expansión. A 5 minutos del centro del municipio. Viviendas de 2 y 3 dormitorios en edificio de 3 alturas. Todas las viviendas cuentan con amplias terrazas desde 10 m2 hasta 130,83 m2. Videoportero, conserjería, parque infantil, piscina para adultos y piscina infantil. Las viviendas disponen de una plaza de garaje y un amplio trastero en planta sótano, con opción de adquirir una segunda plaza. Cocina amueblada (sin electrodomésticos), radiador toallero en baño principal, carpintería interior lacada en blanco, armarios vestidos, solados de tarima AC4 y gres, pintura plástica lisa, puerta de entrada blindada. Por su gran diseño y distribución, HESTIA HOMES se convierte en la mejor promoción relación calidad precio de Loeches. Transportes: Loeches cuenta con 5 líneas de autobús, dos de ellas (una nocturna), que conectan con Madrid y las otras tres líneas unen al municipio con otros de la zona. Estas líneas son: Línea 261: Madrid (Avenida de América) - Nuevo Baztán - Villar del Olmo. Línea 280: Coslada (FFCC) - Hospital - Loeches. Línea 284: Madrid (Avenida de América) - Velilla de San Antonio - Loeches. Línea 320: Arganda del Rey - Alcalá de Henares Línea N203: Madrid (Ciudad Lineal) - Coslada - San Fernando - Velilla de San Antonio/Loeches.","False","newdevelopment","True","True","","","False","1594.0","flat","","Loeches","Piso en Calle Manzanilla, 4","True","False","False","False","","","False","False","","","","","","","","","",""
"86399069","https://img3.idealista.com/blur/WEB_LISTING/0/id.pro.es.image.master/0e/1b/3b/692182819.jpg","1ºA Tipo 14","13","1","156082.0","flat","sale","98.0","True","2","2","Calle Manzanilla, 4","Madrid","Loeches","","es","40.3816859","-3.4224141","True","https://www.idealista.com/obra-nueva/86399069/","8900","Proyecto SINGULAR de 52 viviendas de renta libre en Loeches, C/ Manzanilla, 4. Promovida por Hestia Homes, S. Coop. Mad. La promoción cuenta con un diseño moderno ubicada en la zona de mayor expansión. A 5 minutos del centro del municipio. Viviendas de 2 y 3 dormitorios en edificio de 3 alturas. Todas las viviendas cuentan con amplias terrazas desde 10 m2 hasta 130,83 m2. Videoportero, conserjería, parque infantil, piscina para adultos y piscina infantil. Las viviendas disponen de una plaza de garaje y un amplio trastero en planta sótano, con opción de adquirir una segunda plaza. Cocina amueblada (sin electrodomésticos), radiador toallero en baño principal, carpintería interior lacada en blanco, armarios vestidos, solados de tarima AC4 y gres, pintura plástica lisa, puerta de entrada blindada. Por su gran diseño y distribución, HESTIA HOMES se convierte en la mejor promoción relación calidad precio de Loeches. Transportes: Loeches cuenta con 5 líneas de autobús, dos de ellas (una nocturna), que conectan con Madrid y las otras tres líneas unen al municipio con otros de la zona. Estas líneas son: Línea 261: Madrid (Avenida de América) - Nuevo Baztán - Villar del Olmo. Línea 280: Coslada (FFCC) - Hospital - Loeches. Línea 284: Madrid (Avenida de América) - Velilla de San Antonio - Loeches. Línea 320: Arganda del Rey - Alcalá de Henares Línea N203: Madrid (Ciudad Lineal) - Coslada - San Fernando - Velilla de San Antonio/Loeches.","False","newdevelopment","True","True","","","False","1593.0","flat","","Loeches","Piso en Calle Manzanilla, 4","True","False","False","False","","","False","False","","","","","","","","","",""
"93957556","https://img3.idealista.com/blur/WEB_LISTING/0/id.pro.es.image.master/d0/fd/a0/1043479213.jpg","","27","1","139500.0","duplex","sale","150.0","True","2","2","Vereda CARPETANA, 7","Madrid","Loeches","","es","40.3985174","-3.4136625","True","https://www.idealista.com/inmueble/93957556/","10662","Se vende AMPLIO loft, en Calle Vereda Carpetana, 150 metros incluida la terraza de 20 m2. Se trataría de dos plantas distribuidas en 2 habitaciones, 2 cuartos de baño, gran salón, cocina americana con isla central, amplia terraza, 2 piscinas (infantil y adultos), amplias zonas verdes. pista de padel, pista de tenis, vigilancia las 24 horas.  TAMBIEN ESTARÍA INCLUIDO EN EL PRECIO 2 PLAZAS DE GARAJE,  Este complejo residencial es muy tranquilo y familiar. Ideal para familia que requiera de amplio espacio.  El piso se podría visitar en cualquier momento, pero no estaría disponible para entrar a vivir hasta finales de Marzo del año próximo, que es cuando se van los inquilinos actuales. MEJOR VER ¡  Llamar o escribir wasap. PREGUNTAR POR ANA TLF 664422925.","True","good","False","True","True","True","","930.0","flat","duplex","Loeches","Dúplex en Vereda CARPETANA, 7","False","False","False","False","","","False","False","","","","","","","","","",""
"98204644","https://img3.idealista.com/blur/WEB_LISTING/0/id.pro.es.image.master/5c/a5/9a/1003963865.jpg","003.6147","25","","295000.0","chalet","sale","261.0","False","4","2","isaac peral","Madrid","Arganda","Centro","es","40.2994959","-3.4404259","False","https://www.idealista.com/inmueble/98204644/","3136","Casa en zona centro de Arganda. Con patio, terraza, garaje y trastero.  Puedes tenerlo todo, en la zona centro del mismo municipio. A tan solo 10 minutos de estación de metro de Arganda del rey. Con paradas de autobuses urbanos e interurbanos a escasos metros de la vivienda.  Casa grande, muy luminosa. 4 dormitorios, amplios, exteriores, con armarios empotrados grandes. Uno de los dormitorios tipo suite con baño completo. Cocina independiente muy grande, amueblada con muebles altos y bajos y salida a terraza. Salón comedor, muy amplio, con salida a terraza exterior. Sin duda una vivienda única en el centro. Terraza muy amplia. Además esta vivienda cuenta con patio exterior privado, muy grande, donde puede crear un espacio único para disfrutar en familia y/o con amigos. Plaza de garaje para dos vehículos y zona de trastero grande.  Llámenos para ampliar información.  Cocina amueblada. Calefacción gas natural a través de radiadores. Armarios empotrados. Aire acondicionado en salón y dormitorio principal. 2 trasteros, uno en la vivienda y otro en la zona del patio. Posibilidad de hacer piscina.   // 918.710. 174.","False","good","False","","True","True","","1130.0","chalet","terracedHouse","Centro, Arganda","Chalet adosado en isaac peral","False","False","False","False","","","False","False","","","","","","","","","",""
"98375448","https://img3.idealista.com/blur/WEB_LISTING/0/id.pro.es.image.master/75/2f/2d/1011865456.jpg","","42","","305000.0","chalet","sale","160.0","False","3","2","Mayor","Madrid","Velilla de San Antonio","","es","40.3682557","-3.4884498","False","https://www.idealista.com/inmueble/98375448/","10215","INMOVELILLA, Vende en exclusiva fantástica oportunidad de compra en una de las calles principales del municipio, Chalet adosado de 160 metros cuadrados construidos, dormitorios amplios con ventana exterior a la misma calle, amplio salón comedor, cocina equipada y amueblada, baño completo con plato de ducha. La vivienda dispone de ascensor en todas sus plantas. Amplio jardín. Calefacción de gas natural. Aproveche esta oportunidad, visítelo sin compromiso, amplias opciones de reforma.  Financiación al 100% (consulte condiciones) Tenemos oficina en Velilla, Calle Mayor 3 Impuestos y honorarios de agencia no incluidos en el precio.","False","renew","False","","True","True","","1906.0","chalet","terracedHouse","Velilla de San Antonio","Chalet adosado en Mayor","False","False","False","True","","","False","False","","","","","","","","","",""
"99558572","https://img3.idealista.com/blur/WEB_LISTING/0/id.pro.es.image.master/5e/9d/2f/1048293393.jpg","","22","2","239999.0","flat","sale","116.0","True","3","2","Ronda de Oviedo","Madrid","Rivas-Vaciamadrid","Rivas Urbanizaciones","es","40.369762","-3.5470689","False","https://www.idealista.com/inmueble/99558572/","14243","TECNOCASA RIVAS VENDE LUMINOSO PISO DE 3 DORMITORIOS, TERRAZA, 2 BAÑOS CON ASCENSOR A ESCASOS METROS DEL METRO DE RIVAS URBANIZACIONES. Comenzando nuestro recorrido nos encontramos con un practico hall de entrada recibidor con armario vestidor empotrado de 2 cuerpos. Una amplia cocina con acceso al tendedero. Un salón comedor muy luminoso, de 25 m2 CON ACCESO DIRECTO A TERRAZA DE 8M2 exterior con vistas al parque. Siguiendo nuestro recorrido tenemos 4 habitaciones, todas ellas cuentan con armario empotrado de 2 cuerpos perfectamente revestidos. La vivienda dispone de 2 baños completos. Uno de ellos en suite. En referencia a los acabados de la vivienda, tenemos: El suelo de parquet de madera natural, la caldera es de gas natural estanca, la carpintería interior es de madera maciza de roble. Puerta paneleada en color roble. PLAZA DE GARAJE OPCIONAL POR 10.000€ Sobre la ubicación es inmejorable, ya que se encuentra a 2 minutos del metro Rivas-urbanizaciones, a escasos metros del centro de salud, colegios y autobuses directos a Conde de Casal y otras zonas de Madrid. Además disponemos de amplias zonas verdes como el parque Lineal. A escasos minutos del Barrio de la Luna. Zona residencial muy tranquila con diversos espacios verdes Para entrar a vivir. CONTAMOS CON NUESTRO DEPARTAMENTO FINANCIERO KIRON QUE TE PUEDEN CONSEGUIR HASTA EL 100% DE FINANCIACIÓN!","False","good","False","True","","","","2069.0","flat","","Rivas Urbanizaciones, Rivas-Vaciamadrid","Piso en Ronda de Oviedo","False","False","False","False","","","False","False","","","","","","","","","",""
"99555797","https://img3.idealista.com/blur/WEB_LISTING/0/id.pro.es.image.master/1e/5d/38/1047399932.jpg","3512_00530","40","5","615000.0","penthouse","sale","132.0","True","3","2","Calle Juan Echanove, 1","Madrid","Rivas-Vaciamadrid","Rivas Centro","es","40.3547938","-3.5153901","True","https://www.idealista.com/inmueble/99555797/","11085","Se vende precioso ático de una planta ubicado en una de las mejores urbanizaciones de Rivas, Construcción LARVIN   Este bonito inmueble consta de 132 m2 y más de 90 m2 de impresionante terraza, gracias a sus grandes dimensiones se puede disfrutar de parte de ella al aire libre y  unos 30 m2  acristalados con cortina de cristal LUMON. Este espacio posee unas inmejorables vistas hacia el Skyline de Madrid,    La vivienda dispone de 3 dormitorios, amplio hall de entrada con armario de cortesía, cocina de 13 m2 amueblada equipada con  electrodomésticos nuevos y encimera de Silestone con salida al porche acristalado, amplio salón de 24 m2 con salida directa a la terraza, dormitorio principal con baño en suite y dos dormitorios dobles.    Entre sus excelentes calidades cabe destacar los toldos, aire por conductos en toda la casa de frio y calor marca Daikin, ventanas oscilobatientes de doble cristal, mosquiteras,  puertas lacadas en blanco, pintura lisa y recién pintada.. .  La urbanización se encuentra en un estado de conservación excelente,  dentro de sus zonas comunes se ubican dos piscinas desbordantes, una de ellas para los mas pequeños, gimnasio y parque infantil con suelo de caucho. La comunidad cuenta con portero físico.  El inmueble se vende con trastero y dos plazas de garaje grandes y cómodas de 12m2 cada una  Si desea más información no dude en contactar con nosotros, estaremos encantados de ayudarle.","False","good","False","True","True","True","","4659.0","flat","penthouse","Rivas Centro, Rivas-Vaciamadrid","Ático en Calle Juan Echanove, 1","False","False","True","False","","","False","False","","","","","","","","","",""
"99483658","https://img3.idealista.com/blur/WEB_LISTING/0/id.pro.es.image.master/8b/0f/db/1045412265.jpg","IZ-03061","66","","360000.0","chalet","sale","254.0","False","4","3","Eurovillas","Madrid","Eurovillas","","es","40.355328","-3.249235","False","https://www.idealista.com/inmueble/99483658/","14332","CHALET INDEPENDIENTE DE UNA PLANTA, CON DISEÑO CANADIENSE  BELLEZA, CALIDAD Y MEJOR AISLAMIENTO. Te ofrecemos esta fascinante propiedad, localizada en la Urbanización Eurovillas, a tan solo 45 minutos de Madrid capital. 254m2 de vivienda en planta y 1.173 m2 en parcela de esquina, con jardín y piscina. Diseñada especialmente por la propietaria, para ser una casa cómoda y funcional, además de tener una de las más espectaculares fachadas de la zona, amparada por un porche de 40 m2, tiene un jardín con muy poco mantenimiento, 2 estanques, 1 cascada, y árboles en su justa medida para regalarnos esas sombras preciadas en momentos estivales. También destacar la reciente implementación de placas solares. La luz, es protagonista en todas las estancias de la casa.  DISTRIBUCIÓN VIVIENDA Entrada principal con amplio recibidor, con armario de bienvenida. A la izquierda, puerta que da al salón con cocina abierta, que tiene puerta de acceso a la parte trasera de la parcela con espacio de barbacoa y 1 dormitorio con baño en suite. El salón tiene puerta hacia el gran porche delantero. Desde el recibidor, de frente, dormitorio principal con vestidor y baño en suite. A mano derecha, tercer y cuarto dormitorio, y baño completo, a continuación, despensa, garaje con dos plazas cubiertas y trastero. Además la vivienda, tiene la parte de arriba, preparada, aunque está en bruto, para tener una segunda planta. CALIDADES: La fachada: revestida con lamas de madera, de un material específico e inífugo, para estar a la intemperie, que se importa desde Canadá.Una de las mayores preocupaciones de la propietaria ha sido la optimización energética, por lo que esta vivienda tiene un nivel excepcional de aislamiento, que uno nota desde el primer contacto en el interior de ésta. Canalones en todo el tejado. Suelos de parquet de primera calidad, excepto en baños y garaje. En todos los baños, plato de ducha, y en el del dormitorio principal, bañera con yacuzzi y cabina de ducha con hidromasaje. Ventanas pvc y cristal climalit con apertura guillotina. Armarios empotrados en todos los dormitorios. Dos equipos de aire acondicionado y bomba de calor en Cocina y Salón. Chimenea con cristal “sube y baja”. Puerta de carruajes automática. La belleza no lo es todo en una vivienda, pero si además de ser bella por fuera, tienes garantizado un gasto óptimo de mantenimiento y un magnífico aislamiento, sin duda, es una combinación muy atractiva.  UBICACIÓN: Esta propiedad está en una de las avenidas principales dentro de la urbanización, a 5 minutos de la parada de autobús, cerca de un parque, pistas de padel y de vóley playa. SERVICIOS: Dos Colegios: CIE (Concertado) y CP Goyeneche, Casita de los niños, Centro cultural Valmores, Casa de la Juventud, parques, pistas de paddle, polideportivo, escuelas de baile, gimnasio, dos centros comerciales: Carrefour Express, Erosky, restaurantes, centros de estética y peluquerías, ferreterías, óptica, Farmacia, etc. Todo ello sin salir de la urbanización. Y a escasos kilómetros se encuentran dos poblaciones, Nuevo Baztán y Villar del Olmo con Policia Local, Gasolinera, Iglesias, restaurantes, carnicerías, supermercados, escuela de baile, ferreterías, materiales de contrucción, etc… COMUNICACIÓN: Ubicado en una de las zonas de más fácil acceso a Madrid, por la R3, A3 y A2. A tan solo 45 minutos de la capital. A 20 minutos de Arganda del Rey, 30 minutos de Alcalá de Henares,Torrejón de Ardoz y Coslada. La urbanización pertenece a dos municipios: Nuevo Baztán y Villar del Olmo y se encuentra a 7 kms de la pintoresca Olmeda de las Fuentes y a 12 kms de Campo Real. Por autobús: Líneas 20, 261 y 321. NO COBRAMOS HONORARIOS A LOS COMPRADORES. ASESORAMIENTO FINANCIERO GRATUÍTO. Programa tu visita, estaremos encantados de atenderte, también fines de semana y festivos.!","True","good","False","","True","True","","1417.0","chalet","independantHouse","Eurovillas","Casa independiente","True","False","False","False","","","False","False","","","","","","","","","",""
"99370333","https://img3.idealista.com/blur/WEB_LISTING/0/id.pro.es.image.master/ae/ab/ae/1041766072.jpg","CRUZ","11","","129000.0","chalet","sale","145.0","False","3","2","Calle de la cruz, 41","Madrid","Tielmes","","es","40.2449395","-3.3179304","True","https://www.idealista.com/inmueble/99370333/","9721","GARSIERRA. Casa adosada de 3 plantas y 1 planta sótano, dispone de trastero y se distribuye en salón-comedor, cocina, 4 dormitorios y 2 baños. Ubicada junto al Consultorio Local de Tielmes. Municipio que dispone de todos los servicios básicos necesarios, cerca de superficies comerciales, centros educativos como el Colegio Público Carlos Ruiz, zonas de ocio como Plaza España y zonas verdes como el Parque Municipal. Además, dispone de buena comunicación mediante carreteras.","False","good","False","","True","True","","890.0","chalet","terracedHouse","Tielmes","Chalet adosado en Calle de la cruz, 41","False","False","False","False","","","False","False","","","","","","","","","",""
"99254088","https://img3.idealista.com/blur/WEB_LISTING/0/id.pro.es.image.master/05/31/35/1038012908.jpg","","31","1","255000.0","duplex","sale","115.0","True","3","2","Calle de la Pluma","Madrid","Rivas-Vaciamadrid","Covibar - Pablo Iglesias","es","40.362357","-3.5465198","False","https://www.idealista.com/inmueble/99254088/","13791","""Tecnocasa Oficina Rivas Centro S. L VENDE en exclusiva magnifico Dúplex en Rivas-Vaciamadrid. "" Precioso dúplex a la entrada de Rivas, a 10 minutos en coche y/o autobús de Conde de Casal. Zona muy tranquila y acogedora rodeada de parques y a 5 minutos andando del Centro Comercial Rivas Centro, con todos los servicios ( centros de salud, centros educativos, restaurantes, supermercados, farmacias, peluquerías, gimnasios, etc. ) Dúplex en venta en calle LA PLUMA, en la mancomunidad de Pablo Iglesias, una de las mejores zonas en cuanto a servicios y comunicaciones de todo el municipio, la construcción del edificio es de 1983, se encuentra en la primera planta y consta de 105 m2. Un hall de entrada, una cocina totalmente equipada con acceso a la terraza. Un salón comedor muy luminoso, con amplios ventanales, 3 habitaciones, todas las habitaciones disponen de armarios empotrados. Sobre la ubicación es inmejorable, colegios, comercios, autobuses y zonas deportivas y piscina comunitaria. Zona muy tranquila con diversos espacios verdes. **FINANCIACIÓN AL 100% CON NUESTRO DEPARTAMENTO FINANCIERO KIRON**.","False","renew","False","False","","","","2217.0","flat","duplex","Covibar - Pablo Iglesias, Rivas-Vaciamadrid","Dúplex en Calle de la Pluma","False","False","False","False","","","False","False","","","","","","","","","",""
"98987115","https://img3.idealista.com/blur/WEB_LISTING/0/id.pro.es.image.master/05/75/30/1036676309.jpg","AP-031","106","","360000.0","chalet","sale","191.0","False","5","3","Salvador Dalí","Madrid","Loeches","","es","40.3808662","-3.412409","False","https://www.idealista.com/inmueble/98987115/","8698","NO COBRAMOS HONORARIOS A LA PARTE COMPRADORA. TOTAL TRANSPARENCIA Y TRATO DIRECTO CON LA PROPIEDAD. ¿Deseas vivir en un sitio rodeado de naturaleza y lejos del ruido de los coches y las prisas de la capital? ¿Tener el hogar de tus sueños con la paz y tranquilidad necesarias para el día a día? ¿ Cerca de Madrid y Alcalá de Henares? No busques más, te lo presentamos en el precioso municipio de Loeches. Agentes Pemar te ofrece este exclusivo CHALET PAREADO de tres plantas, con 191 m2 construidos, sobre parcela de 250 m2 -según catastro con importantes mejoras añadidas por la propiedad y cuya distribución es la siguiente: PLANTA BAJA: → Acogedor PORCHE DELANTERO para las tardes y noches de buen tiempo. Posibilidades de cerrar para zona chillout. → GARAJE, habilitado actualmente como habitación de ocio y para hacer uso cómodamente de la vida en el porche delantero y trasero. Perfecta estancia para niños. → COCINA INDEPENDIENTE, espectacular, amplia y luminosa con perfectos acabados y mobiliario de diseño. Cómoda estancia con sitio suficiente para comidas. Armarios altos y bajos. Su preciosa encimera de primerísima calidad DEKTON. → CUARTO PARA CALDERA con depósito de 1000 litros. → BAÑO DE CORTESÍA. → HABITACIÓN, cómoda y amplia con armario empotrado de dos cuerpos, vestidos, forrados, con cajoneras y maletero. Ventilador en techo. Ventana exterior. → SALÓN amplio, alegre y funcional. Luminoso gracias a la luz natural que entra por sus ventanas. Con salida directa al PORCHE TRASERO y acceso de subida a la PRIMERA PLANTA, con aprovechamiento del espacio que hay debajo de la escalera. → PORCHE TRASERO, donde encontramos PISCINA, césped artificial y barbacoa de obra. PLANTA PRIMERA: → PASILLO DISTRIBUIDOR. → 2 HABITACIONES similares, amplias y luminosas. Armarios empotrados vestidos, forrados, cajoneras y maleteros. Una de ellas con ventilador en techo. Ventanas con vistas a la piscina. → BAÑO COMPLETO con bañera. Ventana exterior. → HABITACIÓN PRINCIPAL, amplia y luminosa con espectacular armario de obra de 4 cuerpos, vestido, forrado, cajoneras y maletero. Ventilador en techo. Ventana VELUX con persiana eléctrica. → BAÑO EN SUITE, de amplias dimensiones. Completo, con bañera y ventana exterior al PORCHE DELANTERO. BUHARDILLA: Preciosa estancia para sacar un aprovechamiento máximo gracias a las posibilidades que ofrece. Toma de antena. Chimenea y coqueto BALCÓN. Características: → Radiadores en todas las estancias. → A/A en todas las estancias excepto en habitación de planta baja, por tener ventilación cruzada. → Ventanas dobles con mosquiteras y rejas. → Agua caliente y calefacción por gasoil. → Suelos de gres y parquet. ¡Mira el anuncio en alta calidad en enlace de nuestra web! (Al final) La vivienda está situada en zona residencial, cerca del centro de Loeches, con todos los servicios básicos a mano: establecimientos comerciales de todo tipo, bancos, supermercados, farmacias, consultorio médico, centro de mayores, colegios públicos como el Conde Duque de Olivares, Duque de Alba y Charles Dickens y privados como el Montfort. Con muy buena comunicación en transporte público al disponer de 5 líneas de autobús: 2 conectadas con Madrid (1 nocturna) y 3 con otros municipios de la zona (Arganda del Rey, Alcalá de Henares, Coslada, San Fernando y Velilla de San Antonio, así como con el Hospital Universitario de Torrejón y el Hospital del Henares). Para vehículo propio cuenta con un cómodo acceso por carretera (A2, A3 y M50). NO COBRAMOS A LA PARTE COMPRADORA. IMPUESTOS Y GASTOS NO INCLUIDOS: ITP, NOTARÍA, REGISTRO, GESTORÍA, TASACIÓN. TE AYUDAMOS CON LA FINANCIACIÓN DE NECESITARLO.","True","good","False","","True","True","","1885.0","chalet","semidetachedHouse","Loeches","Chalet pareado en Salvador Dalí","True","False","False","False","","","False","False","","","","","","","","","",""
"99163379","https://img3.idealista.com/blur/WEB_LISTING/0/id.pro.es.image.master/ab/ac/43/1041828693.jpg","LIRE-06968","26","bj","66000.0","flat","sale","60.0","False","2","1","Calle del Espliego","Madrid","Carabaña","","es","40.2571354","-3.2390114","False","https://www.idealista.com/inmueble/99163379/","14869","¿Buscas comprar Piso en venta de 2 habitaciones en Carabaña? Te ofrecemos esta excelente oportunidad de adquirir en propiedad este Piso residencial con una superficie de 59,93 m² bien distribuidos en 2 habitaciones y 1 cuarto de baño ubicado en la localidad de Carabaña, provincia de Madrid. ¿Te gustaría recibir más información sobre este piso? No dudes en ponerte en contacto con nosotros. Visita sin compromiso, sin comisiones de intermediación. Más información rellenando el formulario de contacto o por teléfono. Estaremos encantados de atenderte. Portalnow. com es una plataforma inmobiliaria donde podrás acceder a miles de activos inmobiliarios de diferentes tipos como viviendas, locales comerciales, terrenos, nueva obra.. . tanto a nivel particular como para inversores. Portalnow. com cuenta con una amplia cartera de activos inmuebles tanto en España como en Portugal y Grecia.","False","good","False","False","","","","1100.0","flat","","Carabaña","Piso en Calle del Espliego","False","False","False","False","","","False","False","","","","","","","","","",""
"98957817","https://img3.idealista.com/blur/WEB_LISTING/0/id.pro.es.image.master/76/4c/35/1029426606.jpg","MN5-4588","17","3","349000.0","flat","sale","130.0","True","3","2","Calle AGATHA CHRISTIE","Madrid","Rivas-Vaciamadrid","Rivas Urbanizaciones","es","40.3794862","-3.5307012","False","https://www.idealista.com/inmueble/98957817/","13722","Fantástico piso de 3 habitaciones y 2 baños, en Rivas. 130 m2 construidos. 90 m2 útiles. Orientación Este. Salón independiente de 20 m2. Terraza abierta de 8 m2. Cocina equipada, amueblada y con tendedero. Calefacción con gas natural y aire acondicionado. Armarios empotrados, suelo de tarima, ventanas climalit y puertas de madera. Certificado energético A. Dispone de 2 plazas de garaje. (Una exterior y otra interior). Trastero. Piscina, parque infantil y pista de pádel. Portero físico. Ascensor y acceso adaptado a personas con capacidad de movilidad reducida. NO PIERDA ESTA OPORTUNIDAD Y CONTACTE CON NOSOTROS PARA REALIZAR UNA VISITA. Daurum Estate ofrece conseguir la mejor financiación a su medida hasta el 100% del valor de compra – venta sea nuestra la vivienda o no. INFORMACIÓN SIN COMPROMISO en el mismo número de teléfono del anuncio. Además, posibilidad de servicio de reformas para acomodar la vivienda a su gusto.","True","good","False","True","True","True","","2685.0","flat","","Rivas Urbanizaciones, Rivas-Vaciamadrid","Piso en Calle AGATHA CHRISTIE","False","False","False","False","","","False","False","","","","","","","","","",""
"98924014","https://img3.idealista.com/blur/WEB_LISTING/0/id.pro.es.image.master/1c/fa/1b/1028009377.jpg","A001V002V","16","1","145000.0","flat","sale","54.0","True","1","1","Calle de la Acacia, 28","Madrid","Velilla de San Antonio","","es","40.3658995","-3.4876734","True","https://www.idealista.com/inmueble/98924014/","9984","RAYMU vende en Velilla de San Antonio    Maravillosa vivienda en perfecto estado de 55’50 m2, totalmente amueblada y equipada con electrodomésticos, muy luminosa, con un amplio dormitorio, en primera planta, exterior, con ascensor. Inmejorable calidades constructivas y un aislamiento térmico y acústico de una gran consistencia. Muy importante destacar en la eliminación de ruidos exteriores y en el ahorro energético (calefacción, aire acondicionado, et. ). Fachada con revestimiento de mono capa exterior, ladrillo, enfoscado interior de cemento, poliuretano expandido sobre él enfoscado, cámara de aire, ladrillo, yeso y pintura lisa y pintura lisa en toda la vivienda, con ventanas practicables con doble acristalamiento y persianas térmicas, suelos de tarima flotante a excepción de cocina y baño que son de gres, puertas interiores en madera de roble, puerta exterior de acceso a la vivienda blindada en madera de roble, armario empotrado de gran capacidad en madera de roble, salón con cocina americana, cuarto de baño completo con cabina de hidromasaje, instalación de tv y teléfono en todas las dependencias a excepción de cuartos de baño y cocina, al igual de que dispone de preinstalación para nuevas tecnologías, tendedero, portero eléctrico, calefacción eléctrica de última tecnología (calor azul) con la ventaja de que cada radiador lleva incorporado un programador independiente, de esta manera podemos programar cada dependencia de la vivienda de forma individual y adaptado a nuestras necesidades de uso, agua caliente por termo eléctrico con capacidad de 100 litros.  Ubicado en la mejor zona de Velilla de San Antonio, en el centro del municipio, en zona de únicamente transito residencial, con todos los servicios a escasos metros, paradas de distintas líneas de autobuses, auditorio María Pineda, biblioteca, restaurantes, supermercados, centro de salud y plaza donde dónde se encuentra el ayuntamiento, bancos, farmacia, estanco, a 1 KM de la R3 que nos enlaza sin pago de peaje con la M50, M45, M40, A3, A2, etc. , a 15 minutos en coche del Hospital del Henares y 20 minutos del aeropuerto.  Sus maravillosas zonas exteriores se detallan con simplemente 4 palabras: Parque Regional del Sureste. Zona protegida por la Comunidad de Madrid por sus preciosas lagunas, ríos, flora y fauna, ideal para distintos tipos de deporte (fotografía, pesca, bicicleta, correr, etc. ), o simplemente para desconectar paseando y disfrutando de la naturaleza y el paisaje sin contaminación.","False","good","False","True","","","","2685.0","flat","","Velilla de San Antonio","Piso en Calle de la Acacia, 28","True","False","False","False","","","False","False","","","","","","","","","",""
"90040619","https://img3.idealista.com/blur/WEB_LISTING/0/id.pro.es.image.master/b0/ff/26/1027907534.jpg","ORRE-102501","25","2","56000.0","flat","sale","68.0","False","3","1","Calle del Paso Nivel","Madrid","Tielmes","","es","40.2397309","-3.3199169","False","https://www.idealista.com/inmueble/90040619/","9994","¿Quieres comprar piso de 3 habitaciones en Tielmes de 68 metros cuadrados? Excelente oportunidad de adquirir en propiedad este piso residencial con una superficie de 68 m² bien distribuidos en 3 habitaciones 1 cuarto de baño ubicado en la localidad de Tielmes, provincia de Madrid. ¿Quieres más información? No dudes en ponerte en contacto con nosotros. Visita sin compromiso, sin comisiones de intermediación. Más información rellenando el formulario de contacto o por teléfono. Estaremos encantados de atenderte. Portal es una plataforma inmobiliaria donde podrás acceder a miles de activos inmobiliarios de diferentes tipos como viviendas, locales comerciales, terrenos, nueva obra.. . tanto a nivel particular como para inversores. Portal cuenta con una amplia cartera de activos inmuebles tanto en España como en Portugal y Grecia.","False","good","False","False","","","","824.0","flat","","Tielmes","Piso en Calle del Paso Nivel","False","False","False","False","","","False","False","","","","","","","","","",""
"98795612","https://img3.idealista.com/blur/WEB_LISTING/0/id.pro.es.image.master/73/4e/17/1024059093.jpg","","23","5","260000.0","flat","sale","102.0","True","3","2","OCEANO ATLANTICO","Madrid","Rivas-Vaciamadrid","Rivas Urbanizaciones","es","40.383153","-3.5396571","False","https://www.idealista.com/inmueble/98795612/","14571","Atico 3 pone a la venta esta fantástica propiedad con terraza en urbanización privada en el Barrio de la Luna. Luminoso piso de 102 m² construidos, ubicado en el familiar y juvenil Barrio de la Luna Rivas-Urbanizaciones, zona cercana a colegios, guarderías, farmacias, restaurantes, cafeterías, supermercados, centro deportivo Supera Rivas y líneas de autobuses. Distribuido en recibidor, amplio salón comedor, luminosa cocina equipada y amueblada con amplio tendedero cubierto. Estupenda terraza de 6 m2 con salida desde el salón y la cocina. Tres dormitorios, dos baños completos, uno de ellos en suite. Dos plazas de garaje y trastero incluidas en el precio. Excelentes calidades, suelos de tarima flotante, puertas de madera, ventanas pvc, amplios armarios empotrados, aire acondicionado en salón y preinstalación en toda la casa. Urbanización cerrada con amplias zonas comunes, piscina, parque infantil, zonas verdes y portero físico.","False","good","False","True","True","True","","2549.0","flat","","Rivas Urbanizaciones, Rivas-Vaciamadrid","Piso en OCEANO ATLANTICO","True","False","False","False","","","False","False","","","","","","","","","",""
"98317305","https://img3.idealista.com/blur/WEB_LISTING/0/id.pro.es.image.master/88/a9/99/1007821567.jpg","AP-025","94","","325000.0","chalet","sale","263.0","False","4","3","Nogales","Madrid","Torres de la Alameda","","es","40.3996947","-3.3625414","False","https://www.idealista.com/inmueble/98317305/","11311","NO COBRAMOS HONORARIOS A LA PARTE COMPRADORA. TOTAL TRANSPARENCIA Y TRATO DIRECTO CON LA PROPIEDAD. Agente: 650 428 387 Calor, coches, ruido, buscar pisos, visitas, este sí, este no. Lo sabemos. Nos lo comunicáis todos los días. ¿Qué tal si le damos un giro completo a vuestra decisión de compra? ¿Qué tal vivir en un chalet de dos plantas rodeado de naturaleza y cerquita de Alcalá de Henares? ¿Sin pagar cuota comunitaria? Ya nos va gustando la idea… ¿Verdad? Agentes Pemar te ofrece en exclusiva un práctico y cómodo chalet de dos plantas en el precioso municipio de Torres de la Alameda, lugar consolidado y en constante crecimiento. Se trata de un chalet de 263,75m2 construidos (según nota simple) con múltiples posibilidades tanto en su zona interior como en la parcela (255m2) que rodea a la vivienda. Su distribución consta de: PLANTA BAJA (74m2 útiles): Accedemos a la vivienda a través de su PORCHE DELANTERO, comunicado a través de la parcela con el porche trasero. → HALL DE ENTRADA con armario ropero. → AMPLIA COCINA independiente, luminosa y con espacio para comer. Armarios altos y bajos. → HABITACIÓN luminosa y amplia con ventana exterior. → BAÑO COMPLETO con plato ducha rinconera con mampara corredera. Ventana exterior. → SALÓN A DOS AMBIENTES con chimenea. En uno dispone de amplio ventanal con vista al porche trasero y en el otro disponemos de salida directa a terraza, con escaleras de bajada al PORCHE TRASERO. La joya de esta vivienda es sin duda el amplio espacio exterior disponible y la posibilidad de disfrutar de su paz y tranquilidad, incorporar piscina rinconera, tomar el sol, leer y comer bajo su cenador o hacer barbacoas con amistades. La parcela que rodea a la vivienda tiene unas posibilidades extraordinarias como jardín, huerto o espacio al aire libre del cual disfrutar. PLANTA PRIMERA (69,70m2 útiles): Ascendemos por escalera protegida por barandilla y llegamos al HALL DISTRIBUIDOR, con armario ropero. → PRIMERA HABITACIÓN amplia, luminosa gracias a la luz natural que entra por su ventana. Armario de 3 cuerpos forrado, vestido y con cajoneras. → SEGUNDA HABITACIÓN muy similar a la anterior. → BAÑO muy luminoso, con venta exterior. Plato de ducha. → HABITACIÓN PRINCIPAL de ensueño por su distribución, amplitud y luminosidad, con armario de 3 cuerpos. Dispone de habitación contigua de la cual se puede conseguir un espectacular vestidor o una habitación para bebés o despacho. → BAÑO EN SUITE completo de dos lavabos y un super práctico plato de ducha de obra. Su tejado con 30 m2 disponibles para instalar paneles solares. PLANTA SÓTANO (89m2 útiles): Dispone de fregadero y caldera FERROLI con depósito de gasóleo de 1000 lts. de capacidad. → GARAJE con cabida para dos coches. Se puede acceder al mismo por el interior de la vivienda o por el exterior a través de la rampa delantera. Puertas eléctricas. → HABITACIÓN con posibilidades varias, como una despensa o un trastero. La rampa delantera de bajada al garaje dispone de puerta eléctrica y el suelo del garaje está habilitado con bomba para expulsión del agua de lluvia. OTRAS CARACTERÍSTICAS DE LA VIVIENDA: → Pintura lisa. → Radiadores en todas las estancias. → Puertas automáticas del garaje recién cambiadas. → Suelos de tarima y gres. → Ventanas Climalit. Varias oscilobatientes. → Aire acondicionado en habitación principal y salón. → Plato ducha con mampara en todos los baños y uno recién reformado. → Espacio dentro la habitación principal con un gran aprovechamiento a modo de vestidor o despacho. IBI: 550€ ¿A qué estás esperando para conocerlo? Llámanos y ven a verlo junto a nosotras. NO COBRAMOS A LA PARTE COMPRADORA. IMPUESTOS Y GASTOS NO INCLUÍDOS: ITP, NOTARÍA, REGISTRO, GESTORÍA, TASACIÓN.","True","good","False","","True","True","","1236.0","chalet","semidetachedHouse","Torres de la Alameda","Chalet pareado en Nogales","True","False","False","False","","","False","False","","","","","","","","","",""
"98294473","https://img3.idealista.com/blur/WEB_LISTING/0/id.pro.es.image.master/60/e2/e1/1007008167.jpg","03-22B","33","3","319900.0","penthouse","sale","174.0","True","4","3","Calle Virgen de la Soledad","Madrid","Mejorada del Campo","","es","40.3966671","-3.4890159","False","https://www.idealista.com/inmueble/98294473/","12684","HEREDITARIO ofrece estupendo ático en la mejor urbanización de Mejorada del Campo. Se trata de una vivienda de 174 m2 con excelentes calidades y muy luminosa, a escasos metros de Plaza de Toros de Mejorada, Plaza de la Casa Grande y Plaza de San Fernando y a menos de 5 minutos a pie del centro urbano. El inmueble está compuesto de cuatro dormitorios (uno de ellos con balcones y en suite), tres baños, amplio salón comedor, cocina office y más de 25 m2 destinados a terraza. El inmueble cuenta con aire acondicionado, gran capacidad de almacenaje, dos plazas de garaje y trastero. El edificio forma parte de una urbanización privada de renombre en Mejorada Del Campo, con solo 18 años de antigüedad y cuenta con ascensores, garajes, conserje, jardinero, parque infantil, zona de recreo, piscina y jardines. Por su ubicación, el inmueble está rodeado de todo tipo de servicios; asistenciales, educativos, culturales y de ocio, contando con cadenas de supermercados, centro comercial, farmacias, institutos y colegios, centro de salud y oferta de bares y terrazas en sus inmediaciones. Muy bien comunicado y fácil acceso a M-50 y R-3, emplazado en un entorno único en Madrid. No dudes en comunicarte con nosotros para más información o para realizar una vista. Envíanos tu nombre y número de teléfono y estaremos encantados de ayudarte.","True","good","False","True","True","True","","1839.0","flat","penthouse","Mejorada del Campo","Ático en Calle Virgen de la Soledad","True","False","True","False","","","False","False","","","","","","","","","",""
"98249692","https://img3.idealista.com/blur/WEB_LISTING/0/id.pro.es.image.master/88/0f/f3/1005513567.jpg","MN4-4429","18","1","184000.0","flat","sale","83.0","True","2","2","Plaza DE LA ILUSTRACIÓN","Madrid","Mejorada del Campo","","es","40.3963643","-3.4816604","False","https://www.idealista.com/inmueble/98249692/","12311","Fantástico piso de 2 habitaciones (antes 3) y 2 baños, en Mejorada del Campo. 83 m2 construidos. 68 m2 útiles. Orientación Este. No dispone de ascensor. Cocina amueblada con terraza cerrada. Calefacción y aire acondicionado. Armarios empotrados, suelo de parquet, ventanas dobles de aluminio y puertas lacadas. Dispone de una plaza de garaje. Piscina y zona ajardinada. Certificado energético D. NO PIERDA ESTA OPORTUNIDAD Y CONTACTE CON NOSOTROS PARA REALIZAR UNA VISITA. Daurum Estate ofrece conseguir la mejor financiación a su medida hasta el 100% del valor de compra - venta sea nuestra la vivienda o no. INFORMACIÓN SIN COMPROMISO en el mismo número de teléfono del anuncio. Además, posibilidad de servicio de reformas para acomodar la vivienda a su gusto.","True","good","False","False","True","True","","2217.0","flat","","Mejorada del Campo","Piso en Plaza DE LA ILUSTRACIÓN","False","False","False","False","","","False","False","","","","","","","","","",""
"97699830","https://img3.idealista.com/blur/WEB_LISTING/0/id.pro.es.image.master/9b/58/7d/1049232496.jpg","ZMES506173MB","23","","299500.0","chalet","sale","394.0","False","3","1","Calle del Marqués de Hinojares, 28","Madrid","Mejorada del Campo","","es","40.3980577","-3.4913096","True","https://www.idealista.com/inmueble/97699830/","12922","Gran casa en el centro de Mejorada del Campo, con 193 m² construidos y 201 m² de terreno sin construir.     Tiene 2 entradas, la principal para los coches que accede directamente al patio que hay en la parte de atrás.      Este inmueble ofrece la posibilidad de hacer la casa de tus sueños a 15 minutos del centro de Madrid.     También tiene un proyecto aceptado por el ayuntamiento de esta localidad en el que se puede edificar dicho terreno construyendo 3 alturas y alrededor de 12 viviendas además de plaza de garaje.    Dispone de:  - 2 Salones  - 1 Baño   - 3 Habitaciones   - 2 Almacenes   - Patio de 201 m²   La propiedad hace esquina con la puerta principal en Marqués de Hinojares y el acceso para vehículos en Calle del Dr. Fleming.    El inmueble necesita ser actualizado, por ello se ofrece a un precio más bajo que el precio de mercado.    Esta vivienda situada en una buena zona y en el sureste de Mejorada del Campo dispone alrededor de todos tipos de supermercados y bancos sin necesidad de coger coche o transporte.     Mejorada del Campo tiene alrededor de 25.000 habitantes, se encuentra en el sureste de la Comunidad de Madrid y limita con Rivas Vaciamadrid, San Fernando de Henares, Loeches y Velilla de San Antonio, se encuentra a 15 minutos del centro de Madrid y a 20 minutos del Aeropuerto Adolfo Suárez Madrid-Barajas, tiene acceso directo a la R-3 y las carreteras convencionales M-208 y M-203.     En cuanto al transporte público tiene las líneas, 280, 282, 284, 285, 340 y 341 además de la línea nocturna N-203.     Contacte con nosotros para recibir más información sobre el inmueble.","True","renew","False","","","","","760.0","chalet","independantHouse","Mejorada del Campo","Casa independiente en Calle del Marqués de Hinojares, 28","False","False","False","False","","","False","False","","","","","","","","","",""
"96889006","https://img3.idealista.com/blur/WEB_LISTING/0/id.pro.es.image.master/06/f1/59/959567010.jpg","11557","16","bj","189600.0","flat","sale","106.0","True","2","1","DEL CASTILLO, 3","Madrid","Arganda","Centro","es","40.302193","-3.449896","True","https://www.idealista.com/inmueble/96889006/","3917"," Edificio situado en la localidad de Arganda del Rey, provincia de Madrid. La vivienda tiene una superficie de 105,99 m2 registrales. El entorno dispone de los servicios mínimos (suministro de energía eléctrica, abastecimiento de agua, acceso rodado y evacuación de aguas residuales) encontrándose en un buen estado de conservación). Dispone también de equipamiento como comercial, escolar y sanitario. Las comunicaciones del entorno con el resto de la población pueden considerarse buenas. Las comunicaciones interurbanas pueden considerarse suficientes. Arganda del Rey es un municipio y localidad española de la Comunidad de Madrid, situada a 28 km de Madrid. Enlaza con Madrid por la línea 312 de Alsa, por la línea 9 de TFM de metro, por la autovía A-3 y por la autopista de peaje R-3. La población del término municipal alcanza los 53 821 habitantes (INE 2017).","True","good","False","False","","","","1789.0","flat","","Centro, Arganda","Piso en DEL CASTILLO, 3","True","False","False","False","","","False","False","","","","","","","","","",""
"95261880","https://img3.idealista.com/blur/WEB_LISTING/0/id.pro.es.image.master/d6/b8/46/913713450.jpg","5939147","36","bj","152100.0","flat","sale","104.0","True","2","1","san jose, 1","Madrid","Arganda","Centro","es","40.299121","-3.440961","True","https://www.idealista.com/inmueble/95261880/","3186","*** INMOBILIARIA CON LLAVES ** SIN COMISIONES ** INMOBILIARIA HOMOLOGADA ** EHABITAR Vivienda de 2 habitaciones y un baño, cocina y un muy amplio salón-comedor, con terraza tendedero con acceso esta a las áreas comunes de la finca.  CON GARAJE Y TRASTERO. Planta baja para su acceso, pero desde la calle es una primera planta. Requiere de reforma en cocina y actualización del resto de dependencias, finca con ascensor. Edificio residencial de cinco alturas con ascensor, con áreas comunes que incluyen una piscina, plaza de garaje. Edificio ubicado en Arganda del Rey, muy cercano al centro, cuenta con todos los servicios de trasporte, médicos y comercios cerca, además de centros educativos y ocio *** INMOBILIARIA CON LLAVES ** SIN COMISIONES ** INMOBILIARIA HOMOLOGADA **.","False","renew","False","True","True","True","","1463.0","flat","","Centro, Arganda","Piso en san jose, 1","False","False","False","False","","","False","False","","","","","","","","","",""
"93232990","https://img3.idealista.com/blur/WEB_LISTING/0/id.pro.es.image.master/f3/a1/5f/857637890.jpg","MN-3330","18","3","300000.0","flat","sale","132.0","True","3","2","Calle MARÍA ZAYAS","Madrid","Arganda","Centro","es","40.3037128","-3.4423194","False","https://www.idealista.com/inmueble/93232990/","3275","Magnífico Piso exterior de 3 habitaciones y 2 baños en Arganda. Dispone de 132 m2 construidos. Vivienda en buen estado del año 19999 con orientación Este. Calefacción y aire acondicionado por conductos. Armarios empotrados, ventanas climalit oscilobatientes, puertas de madera y suelo de parqué. Certificado energético A. Tiene ascensor. NO PIERDA ESTA OPORTUNIDAD Y CONTACTE CON NOSOTROS PARA REALIZAR UNA VISITA. Daurum Estate ofrece conseguir la mejor financiación a su medida hasta el 100% del valor de compra – venta sea nuestra la vivienda o no. INFORMACIÓN SIN COMPROMISO en el mismo número de teléfono del anuncio. Además, posibilidad de servicio de reformas para acomodar la vivienda a su gusto.","True","good","False","True","","","","2273.0","flat","","Centro, Arganda","Piso en Calle MARÍA ZAYAS","False","False","False","False","","","False","False","","","","","","","","","",""
"99426082","https://img3.idealista.com/blur/WEB_LISTING/0/id.pro.es.image.master/11/6e/ed/1043524479.jpg","NP191122339","52","","690000.0","chalet","sale","241.0","False","4","4","Calle del Azahar","Madrid","Rivas-Vaciamadrid","Rivas Urbanizaciones","es","40.3622774","-3.534606","False","https://www.idealista.com/inmueble/99426082/","12909","NEO Patrimonial ofrece exclusivo chalet pareado en Rivas. Consta de 241m² (según catastro) de superficie construida, todos corresponden a la vivienda, sobre una superficie grafica de 547m². Se distribuye en 4 plantas, en la primera planta encontramos el amplio Salón-comedor luminoso con salida al patio trasero de la vivienda, en el que encontramos una piscina privada, también cuenta con una zona de ocio infantil, cocina independiente, amplia y totalmente amueblada y 1 aseo. En la segunda planta, zona de descanso, encontramos 3 habitaciones, una doble con baño en suite, 2 individuales, todas con armarios empotrados, muy luminosas, con ventanas al exterior, en esta planta encontramos también un segundo baño completo que da servicio a estos dos dormitorios. En la tercera planta encontramos una amplia escancia abuhardillada con techos altos, actualmente es utilizada como habitación de invitados, cuenta con varias ventanas que aportan mucha luminosidad. En el sótano encontramos un garaje con espacio para 2 coches, contiene un cuarto destinado a la despensa, un cuarto de lavado y un baño. En el exterior se encuentran 3 zonas diferenciadas, en el patio delantero se encuentra una gran barbacoa de obra y una zona de cenador con pérgola, en el lateral cuenta con una zona de comedor exterior techada y un columpio y en la zona de atrás tenemos una gran piscina con chorros y una pequeña terraza por la que se accede a la vivienda.  Extras: carpintería exterior de PVC, carpintería interior de madera lacada en blanco y suelos de tarima excepto en zonas de agua que son de gres. Calefacción y agua caliente individual por caldera de gas natural y aire acondicionado por bomba de frio y calor por conductos, excepto en la buhardilla que es por Split, también incorpora domótica y videoportero. Todos los servicios de primera necesidad al alcance: Colegios, Farmacias, Supermercados, Centros de Salud, a 5 min del nuevo Hospital HM que abrirá en Noviembre. Centros de ocio y restauración a su alrededor: Restaurantes, Complejos Deportivos, Bibliotecas y Centro Comercial H2Ocio, que se encuentra a 10min. A pocos minutos del Recinto Ferial Auditorio Miguel Ríos. Buena comunicación de transportes. Parada de autobuses interurbanos y estación de Metro Rivas Urbanizaciones L9 a 10 min. También a escasos minutos de la autopista A3. *Impuestos ITP o IVA y gastos, notaría, registro, gestoría etc. no incluidos. NEO Patrimonial le ofrece la posibilidad de hacer cualquier tipo de reforma de esta vivienda al mejor precio.","False","good","False","","True","True","","2863.0","chalet","semidetachedHouse","Rivas Urbanizaciones, Rivas-Vaciamadrid","Chalet pareado en Calle del Azahar","False","False","False","False","","","False","False","","","","","","","","","",""
"99318103","https://img3.idealista.com/blur/WEB_LISTING/0/id.pro.es.image.master/6d/9d/40/1040237010.jpg","003.6194","27","3","178500.0","flat","sale","69.0","True","2","2","SAN SEBASTIÁN","Madrid","Arganda","Los Villares","es","40.3082954","-3.4522262","False","https://www.idealista.com/inmueble/99318103/","4157","Disponible excelente piso de 2 dormitorios con terraza y piscina en la zona de los Villares, Arganda del rey.  A tan sólo 5 minutos de estación de metro línea 9 de Arganda del rey, y situado en una ubicación inmejorable, ya que se encuentra a menos de 5 minutos de todos los servicios necesarios y excelente conexión con red de metro, autobuses, y conexión directa con A3 y R3.  La vivienda se sitúa en recinto cerrado con zonas ajardinadas y piscina comunitaria. Además cuenta con parque infantil para los mas pequeños.  Para entrara a vivir. Distribuido en hall recibidor con armario empotrado de gran almacenaje. Cocina exterior, amueblada y equipada. Salón comedor muy luminoso, con doble ventanal grandes y salida a terraza exterior con vistas abiertas, ya que no tienes edificios de frente cercanos. 2 dormitorios exteriores, ambos con armarios empotrados Dormitorio principal tipo suite, con baño completo con bañera. Segundo baño ubicado en pasillo distribuidor, con plato de ducha y salida a terraza tendedero, una zona para poder destinarla a zonas húmedas, almacenaje y un sin fin de posibilidades.  Dispone de una plaza de garaje y trastero.  Comunidad muy cuidada.  Llámanos para ampliar más información.","False","good","False","True","True","True","","2587.0","flat","","Los Villares, Arganda","Piso en SAN SEBASTIÁN","False","False","False","False","","","False","False","","","","","","","","","",""
"99114867","https://img3.idealista.com/blur/WEB_LISTING/0/id.pro.es.image.master/c1/0f/98/1034002280.jpg","Rivas","22","bj","310900.0","duplex","sale","121.0","True","4","2","Covibar - Pablo Iglesias","Madrid","Rivas-Vaciamadrid","Covibar - Pablo Iglesias","es","40.357494","-3.5473726","False","https://www.idealista.com/inmueble/99114867/","13605","¿BUSCAS UNA VIVIENDA DE 4 DORMITORIOS CON PATIO Y PISCINA, EN RIVAS? ¡ESTA ES TU OPORTUNIDAD! Progreso Vende, este maravilloso bajo-dúplex en esquina, que ofrece lo mejor de una casa adosada y de una vivienda colectiva, en la Urb. Pablo Iglesias, a escasos metros del Polideportivo Municipal, del C. C. Rivas Centro y del Auditorio Pilar Bardem. La vivienda se distribuye de la siguiente manera: En PLANTA BAJA, a su entrada encontramos el recibidor con armario de servicio, un aseo, una amplia cocina con office para comer y un espacioso salón desde el que se accede un patio de 37 m2 con un bonito muro de piedra, en el que se sitúan 2 cuartos trasteros independientes, que ofrecen un gran desahogo a sus habitantes. Desde el patio además se puede acceder a amplias zonas verdes comunitarias. En PLANTA ALTA, se hallan los 4 dormitorios, todos ellos con armarios empotrados, un baño completo y un cuarto de lavado. Su excelente localización ofrece todos los servicios necesarios para una vida cómoda y tranquila, con todos los servicios a su alrededor: metro (línea 9); autobuses (líneas 330, 331, 333, 334, 1); colegios, escuelas infantiles e institutos; centro polideportivo, campos de fútbol, pistas de skate; centro sanitario “La Paz Rivas”; supermercados; centro comercial; y rápido acceso a principales carreteras (A-3). Te recordamos que, desde Progreso, ponemos a tu disposición excelentes condiciones de financiación y asesoría jurídica a través de nuestro propio despacho legal. Consulta para más información, sin compromiso.","False","good","False","True","","","","2569.0","flat","duplex","Covibar - Pablo Iglesias, Rivas-Vaciamadrid","Dúplex","True","False","False","False","","","False","False","","","","","","","","","",""
"99010887","https://img3.idealista.com/blur/WEB_LISTING/0/id.pro.es.image.master/e9/8b/a1/1031326167.jpg","10_22","40","","549900.0","chalet","sale","239.0","False","4","3","Avenida Primero de Mayo","Madrid","Rivas-Vaciamadrid","Rivas Futura","es","40.3384748","-3.5228932","False","https://www.idealista.com/inmueble/99010887/","10849","CHALET PAREADO DE NUEVA CONSTRUCCIÓN DE 239M2, CUATRO DORMITORIOS, TRES BAÑOS, DOS TERRAZAS, PATIO CON PORCHE, DOS PLAZAS DE APARCAMIENTO, PLACAS SOLARES TERMICAS, PISCINA COMUNITARIA Y PORTERO FISICO A 3 MINUTOS ANDANDO DEL METRO DE RIVAS-FUTURA.  BOENDE SERVICIOS INMOBILIARIOS VENDE: Chalet pareado de 2018 distribuido en 3 plantas:  En la planta baja cuenta con hall de entrada, cocina independiente amueblada con office, baño completo, salón independiente, un dormitorio, amplio patio de 43M2 con porche cubierto y jardín bioclimático con ventanas para dar luz a toda la vivienda. En la primera planta tenemos dos dormitorios individuales con armarios empotrados, un baño completo, dormitorio principal con baño en suite con ventana y terraza privada. Buhardilla diáfana con armarios empotrados y terraza. La vivienda cuenta con máximas calidades, puerta de entrada blindada, puertas interiores lacadas en blanco, ventanas de climalit, paredes lisas, suelos porcelánicos, calefacción de suelo radiante, armarios empotrados y aire acondicionado en todas las estancias. Situado en una urbanización cerrada con piscina y zona infantil, con portero físico y dos plazas de aparcamiento. En una zona residencial rodeada de colegios, al lado del centro de salud 1º de Mayo, muy próximo al nuevo hospital HM, a 1 minuto del centro comercial H2O y a 5 minutos en coche del centro de Rivas-Vaciamadrid.   En cuanto a la comunicación, tenemos la estación de Rivas Futura (L-9) a 3 minutos andando, con múltiples autobuses al lado de la vivienda (L-1, 330, 331, 332, 334…). Para los que prefieren coger el coche, cuenta con una salida directa a la A-3, a 5 minutos de la M50 y 10 minutos de la M-40, perfecto para ir a cualquier zona de Madrid. Venga a verlo sin compromiso, un experto le acompañara durante la visita.","True","good","False","","True","True","","2301.0","chalet","semidetachedHouse","Rivas Futura, Rivas-Vaciamadrid","Chalet pareado en Avenida Primero de Mayo","True","False","False","False","luxuryType","Lujo","False","False","","","","","","","","","",""
"97908134","https://img3.idealista.com/blur/WEB_LISTING/0/id.pro.es.image.master/be/97/62/994623050.jpg","M220216","48","","230000.0","chalet","sale","133.0","False","4","1","Calle Villarreal","Madrid","Eurovillas","","es","40.3665387","-3.2666254","False","https://www.idealista.com/inmueble/97908134/","13602","Vivienda independiente en Nuevo Baztán donde vas a encontrar todo el espacio, confort y privacidad que necesitas.  La vivienda está construida en una sóla planta y se distribuye en cuatro dormitorios, baño, cocina y un salón comedor. En la entrada tiene un acogedor porche cerrado con el un gran encanto que le dan las paredes forradas de madera.   Desde allí se accede al impresionante terreno de más de mil metros y la piscina privada.  No podemos contarte cómo es.. . tienes que venir y sentirlo.  ¡Llámanos!","False","good","False","","True","True","","1729.0","chalet","independantHouse","Eurovillas","Casa independiente en Calle Villarreal","True","False","True","False","","","False","False","","","","","","","","","",""
"98287064","https://img3.idealista.com/blur/WEB_LISTING/0/id.pro.es.image.master/ae/8f/90/1025862070.jpg","MN5-4439","15","3","210000.0","flat","sale","88.0","True","2","1","Calle VENCEJO","Madrid","Arganda","Los Villares","es","40.3148002","-3.4535159","False","https://www.idealista.com/inmueble/98287064/","4424","Fabuloso piso de 2 habitaciones y 1 baño, en Arganda del Rey. 88 m2 construidos. Orientación Este. Salón independiente. Cocina amueblada con salida a terraza de 13 m2. Calefacción con gas natural. Armarios empotrados, suelo de tarima, ventanas de aluminio y puertas lacadas. Amueblado negociable. Dispone de una plaza de garaje y trastero de 9 m2. Piscina y zona ajardinada. Ascensor y acceso adaptado a personas con capacidad de movilidad reducida. NO PIERDA ESTA OPORTUNIDAD Y CONTACTE CON NOSOTROS PARA REALIZAR UNA VISITA. Daurum Estate ofrece conseguir la mejor financiación a su medida hasta el 100% del valor de compra – venta sea nuestra la vivienda o no. INFORMACIÓN SIN COMPROMISO en el mismo número de teléfono del anuncio. Además, posibilidad de servicio de reformas para acomodar la vivienda a su gusto.","True","good","False","True","True","True","","2386.0","flat","","Los Villares, Arganda","Piso en Calle VENCEJO","False","False","False","False","","","False","False","","","","","","","","","",""
"98286323","https://img3.idealista.com/blur/WEB_LISTING/0/id.pro.es.image.master/3d/60/44/1006712379.jpg","","20","1","370000.0","flat","sale","133.0","True","4","2","Calle libertad","Madrid","Rivas-Vaciamadrid","Rivas Urbanizaciones","es","40.3598041","-3.5401836","False","https://www.idealista.com/inmueble/98286323/","13183","""Arco le ofrece en exclusiva espectacular piso en Rivas-Vaciamadrid de 133 metros, rodeado de las maravillosas zonas comunes de las que dispone y que crean un espacio único para el relax y el confort de los sentidos Esta ideal vivienda cuenta con un gran salón independiente con salida a terraza, con vistas a las zonas verdes de la urbanización, 4 dormitorios, 2 baños, uno con ducha y el suite, dentro del dormitorio principal, con bañera de hidromasaje. Amplia cocina con muebles de diseño, vitrocerámica, campana y horno. Dispone de tendedero.  Se vende con una plaza de garaje y trastero.  2ª plaza de garaje opcional Orientación noroeste, muy luminoso y totalmente exterior de esquina. Agua caliente y calefacción individual por gas natural Calidades renovadas y de alta gama. Suelo de parquet, carpintería interior en roble y exterior oscilobatiente de climalit. Armarios empotrados en las habitaciones y hall de entrada Las zonas comunes constan de una gran piscina, merendero, dos áreas infantiles, pistas de baloncesto, fútbol y dos de pádel  Muy bien comunicado con varias líneas de autobús y próxima a la la salida de la A3. Tiene todo tipo de comercios y servicios a su alcance Sin honorarios de intermediación y con facilidades de financiación sin coste añadido al comprador. "".","False","good","False","True","True","True","","2782.0","flat","","Rivas Urbanizaciones, Rivas-Vaciamadrid","Piso en Calle libertad","True","False","False","False","","","False","False","","","","","","","","","",""
"97935106","https://img3.idealista.com/blur/WEB_LISTING/0/id.pro.es.image.master/ce/60/b5/995559561.jpg","AP-023","84","","310000.0","chalet","sale","297.0","False","4","3","Federico García Lorca","Madrid","Torres de la Alameda","","es","40.407797","-3.3671489","False","https://www.idealista.com/inmueble/97935106/","12065","NO COBRAMOS A LA PARTE COMPRADORA. TRATO DIRECTO CON LA PROPIEDAD. TOTAL TRANSPARENCIA. Decidiste finalmente que tu hogar sea un chalet y además te aseguraste de querer residir rodeado de plena naturaleza, paz y tranquilidad. PUES YA LO TIENES ¡VEN A VISITARLO! Agentes Pemar te ofrece un precioso y práctico chalet en Torres de la Alameda.  Este práctico chalet adosado de 4 plantas, con 297 m2 construidos (según nota simple) y útiles de 254 m2 enamora por la luz natural que tienen todas sus estancias, proyectadas desde su tragaluz, lo que dota a la vivienda de una gran alegría y luminosidad. Tiene además total independencia y privacidad por su ubicación al ser CHALET PAREADO DE ESQUINA. Chalet exterior con acceso directo desde calle o desde las puertas de acceso peatonal que rodean la urbanización, así como a través del garaje comunitario, aportando con ello una comodidad diaria de entrada a la vivienda. Sus impresionantes zonas comunes cuentan con caminos para pasear y zonas verdes provistas de bancos en los que poder sentarse a disfrutar de la tranquilidad. Parque infantil y amplias zonas en donde tus peques podrán jugar y correr con la tranquilidad por tu parte de que se encuentran en un lugar seguro. Su gran piscina cuenta con una amplia extensión de cuidado césped natural con árboles… ¡para poder elegir en verano sol o sombra! Vivienda con entrada a pie de calle, en suelo plano, sin escaleras de bajada ni subida lo que es idóneo para parejas con niños, carricoches y personas con movilidad reducida, encontramos: 1 PLANTA BAJA (76,50m2 útiles): PORCHE DE ENTRADA (14m2) con pérgola completa y comunicado con el PATIO TRASERO: -Accediendo a la vivienda encontramos HALL DE ENTRADA con práctico armario empotrado. -BAÑO DE CORTESÍA con ventana exterior. -Cómoda y luminosa COCINA, totalmente equipada con armarios altos y bajos. Puerta cristalera con salida directa a porche delantero. -SALÓN INDEPENDIENTE totalmente diáfano, muy luminoso gracias a la luz natural que entra por el tragaluz que caracteriza a esta preciosa vivienda. Chimenea. Ventanal de puertas correderas con salida directa a su patio trasero. PATIO TRASERO (29,31 m2): Zona extraordinaria donde se respira paz, tranquilidad e independencia. Lugar perfecto donde escaparse del ajetreo diario. Salida directa a zonas comunes. 2 PLANTA PRIMERA (73,35 m2): Ascendiendo por escaleras de madera llegamos al PASILLO DISTRIBUIDOR de esta planta, desde el cual se tiene una bonita vista del salón inferior. Luminosidad total de luz natural gracias al tragaluz de la vivienda. -HABITACIÓN PRINCIPAL, luminosa y diáfana. Armario empotrado de dos cuerpos, vestido, con maletero y cajoneras. Amplio ventanal exterior. -BAÑO EN SUITE. Bañera con mampara. Ventana exterior al porche de entrada. -2º HABITACIÓN, amplia, luminosa y diáfana. Armario de 3 cuerpos, vestido con maletero y cajoneras. Ventanal con vistas a porche posterior. -3º HABITACIÓN similar a la anterior con la particularidad de su ventanal hacia el tragaluz y en lado opuesto, su amplio ventanal con vistas al porche posterior. -2º BAÑO. Completo. Bañera con mampara.  3 BUHARDILLA (25,57 m2):  Práctica, cómoda y luminosa estancia con vistas al exterior de la cual hacer tu rincón favorito dentro de la vivienda. 4 PLANTA INFERIOR (78,38 m2): Con techo alto y destinada a garaje, tiene cabida para dos coches. Cuenta con habitación destinada a pequeño almacén y con espacio suficiente para lavadora, secadora... ¿A qué estás esperando? ¡Ven a conocer el hogar de tus sueños! ◊ IBI: 560€ ◊ Comunidad de propietarios: 100€ NO COBRAMOS A LA PARTE COMPRADORA. IMPUESTOS Y GASTOS NO INCLUÍDOS: ITP, NOTARÍA, REGISTRO, GESTORÍA, TASACIÓN.","True","good","False","","True","True","","1044.0","chalet","terracedHouse","Torres de la Alameda","Chalet adosado en Federico García Lorca","True","False","False","False","","","False","False","","","","","","","","","",""
"96543789","https://img3.idealista.com/blur/WEB_LISTING/0/id.pro.es.image.master/66/d6/e9/950240715.jpg","CASA22/03","13","","650000.0","chalet","sale","265.0","False","4","2","Calle del Cercado","Madrid","Tielmes","","es","40.2491033","-3.3086489","False","https://www.idealista.com/inmueble/96543789/","10041","En Tielmes, Madrid. sobre parcela de 2700 m2: 1) - Elegante Chalet de lujo de 240 m2, sobre parcela de 885 m2 con excelentes calidades en su construcción (año 2005). Orientación sur que ofrece luz todo el día, con unas vistas a la sierra espectaculares. El chalet consta de: Salón comedor con chimenea 4 dormitorios, uno de ellos con vestidor, otro dormitorio con biblioteca 2 cuartos de baño con hidromasaje Cocina totalmente amueblada con despensa Armarios empotrados Acceso adaptado para personas con movilidad reducida La vivienda consta de doble aislamiento, aire acondicionado, sistema de alarma e hilo musical interior / exterior y persianas metálicas de seguridad, portero automático con cámara La zona exterior consta de: Piscina con iluminación nocturna, comedor de verano con barbacoa cubierta, bodega, baño con ducha, cuarto de máquinas y trastero, parking exterior cubierto, acceso a la calle con puerta para vehículos automática y puerta peatonal, jardín con sistema de goteo, dos fuentes artesanales y patio totalmente pavimentado. 2) - Edificio Industrial / comercial de 780 m2 construidos sobre parcela de 1.815 m2. (año de construcción 2005) Consta de 3 cuartos de baño, puertas de seguridad, sistema contra incendios, parking cubierto, acceso a la calle con puerta para vehículos automática, portero automático con cámara cableado de red, antena tv y teléfono, ventanas tintadas oscilobatientes, persianas metálicas de seguridad automáticas, climatización independiente en todas las estancias, doble alumbrado exterior de led, preinstalación para la construcción de una planta superior. Posibilidad de almacén, fábrica, taller, exposición, hostelería y restauración, etc. Consta de: 2 cuartos de baño para visitas y 1 cuarto de baño con ducha, hall, puesto de recepción, oficina, sala de juntas, despacho, estudio, sala de muestrario. diversos almacenes, salas de montaje dos pilas de agua exterior y hangar exterior, el almacén tiene acceso directo a rampa con muelle de carga y descarga. Existe la posibilidad de ampliación de la nave aprovechando los m2 de parcela libres de ocupación y preparada para ello. Inmobiliaria Teógenes, tu inmobiliaria amiga! Encuentra más en.","False","good","False","","","","","2453.0","chalet","independantHouse","Tielmes","Casa independiente en Calle del Cercado","True","False","False","False","","","False","False","","","","","","","","","",""
"95760321","https://img3.idealista.com/blur/WEB_LISTING/0/id.pro.es.image.master/7e/a8/46/927423539.jpg","C0026-01660","37","","110000.0","chalet","sale","176.0","False","3","2","Calle Alcalá Alta, 1","Madrid","Carabaña","","es","40.2563312","-3.2415907","True","https://www.idealista.com/inmueble/95760321/","14695","Casa de pueblo en Carabaña valle del Tajuña a 40 minutos de Madrid, de 176m2 construidos en tres plantas, la casa se encuentra semireformada electricidad, Fontanería, ventanas, suelos de madera de primera calidad, tejado terminado con vigas de acero. Una casa con muchísimas posibilidades para vivir o crear un negocio rural.","False","good","False","","","","","625.0","chalet","terracedHouse","Carabaña","Chalet adosado en Calle Alcalá Alta, 1","True","True","False","False","","","False","False","","","","","","","","","",""
"99434369","https://img3.idealista.com/blur/WEB_LISTING/0/id.pro.es.image.master/4f/85/6b/1043817975.jpg","C0127-LIRE-06968","57","","66000.0","flat","sale","60.0","False","2","1","Calle del Espliego, 2","Madrid","Carabaña","","es","40.2561354","-3.2393114","True","https://www.idealista.com/inmueble/99434369/","14883","¿Buscas comprar Piso en venta de 2 habitaciones en Carabaña? Te ofrecemos esta excelente oportunidad de adquirir en propiedad este Piso residencial con una superficie de 59,93 m² bien distribuidos en 2 habitaciones y 1 cuarto de baño ubicado en la localidad de Carabaña, provincia de Madrid.  ¿A qué esperas? solicita una visita y nuestro especialista de la zona te solventará cualquier duda y en caso de interesarte, podrás realizar una visita sin compromiso. Al llamar danos la referencia C0127-LIRE-06968 CENTURY 21 Now ""Lo mejor de las personas al servicio de las personas"".","False","good","False","False","","","","1100.0","flat","","Carabaña","Piso en Calle del Espliego, 2","False","False","False","False","","","False","False","","","","","","","","","",""
"99433318","https://img3.idealista.com/blur/WEB_LISTING/0/id.pro.es.image.master/ec/8d/67/1043780907.jpg","13760","21","","230000.0","chalet","sale","150.0","False","2","1","Calle de las Amapolas","Madrid","Mejorada del Campo","","es","40.4108522","-3.4625438","False","https://www.idealista.com/inmueble/99433318/","12995","Buve vende espectacular casa con referencia 13760. Carece de Cédula de Habitabilidad (terreno rústico)  Espectacular casa de dos alturas reformada en Urbanización. VillaFlores. La casa cuenta con una planta baja de mas de 50 m2 para poder hacer apartamento individual, 1400 metros de parcela con varios trasteros y piscina por arreglar. Con una salón comedor muy espacioso, cocina independiente completamente amueblada, dos habitaciones con armarios empotrados y ambas exteriores. Aire acondicionado frío calor. Urbanización con vigilancia 24 horas. Lista para entrar a vivir. Zona muy tranquila. No se puede hipotecar sólo terreno aunque paga contribución. En Buve te ayudamos con la gestión integral de la compra de tu inmueble, desde la búsqueda de financiación hasta el cambio de suministros, además contamos con empresas colaboradoras que te podrán ayudar con la mudanza, pequeñas o grandes reformas en tu inmueble e incluso te podemos proporcionar empresa de servicio de alarmas.  .","False","good","False","","True","True","","1533.0","chalet","","Mejorada del Campo","Chalet en Calle de las Amapolas","False","False","False","False","","","False","False","","","","","","","","","",""
"99278096","https://img3.idealista.com/blur/WEB_LISTING/0/id.pro.es.image.master/da/79/c6/1038994467.jpg","51147754","49","","520000.0","chalet","sale","217.0","False","6","3","Calle Boros","Madrid","Rivas-Vaciamadrid","Rivas Urbanizaciones","es","40.3620326","-3.5371565","False","https://www.idealista.com/inmueble/99278096/","13081","Vivienda adosada con garaje y piscina anejos en venta en Rivas-Vaciamadrid (Madrid). Se distribuye en 6 habitaciones, 3 baños, cocina, salón-comedor independiente, garaje, trastero, patio y terraza. Cuenta con un garaje y piscina como anejos inseparables incluidos en el precio. Está en la urbanización El Tejar, cerca del polideportivo municipal Cerro del Telégrafo, en el centro de Rivas-Vaciamadrid. En sus alrededores encontramos escuelas, supermercados, bancos, bibliotecas, farmacias, oficina de correos, centros deportivos y la estación de metro de Rivas Urbanizaciones. Cuenta con fácil acceso a la avenida de los Almendros y la A-3. No pierdas esta oportunidad de encontrar la casa perfecta para ti.","False","good","False","","","","","2396.0","chalet","semidetachedHouse","Rivas Urbanizaciones, Rivas-Vaciamadrid","Chalet pareado en Calle Boros","True","False","False","False","","","False","False","","","","","","","","","",""
"98914550","https://img3.idealista.com/blur/WEB_LISTING/0/id.pro.es.image.master/8c/70/43/1027687614.jpg","","50","","500000.0","chalet","sale","244.0","False","4","2","GRANADO","Madrid","Rivas-Vaciamadrid","Rivas Urbanizaciones","es","40.3655526","-3.5270263","False","https://www.idealista.com/inmueble/98914550/","12559","TECNOCASA RIVAS VENDE ESPECTACULAR CHALET CON 3 DORMITORIOS EN PLANTA A PIE DE CALLE EN LA MEJOR ZONA DE RIVAS A DOS PASOS DEL CERRO DEL TELÉGRAFO Nos encontramos ante un chalet pareado de dos plantas sobre una parcela de 530 metros cuadrados.  Consta de un amplio jardín con piscina de obra de unas dimensiones de 9x4 metros cuadrados donde podrás disfrutar de grandes momentos de intimidad junto a tus familiares y amigos. La vivienda consta de un salón de 45 metros cuadrados, tres dormitorios en planta a pie de calle, dos baños, uno de ellos en suite. La buhardilla, diáfana, cuya distribución te permitirá destinarla a cualquier tipo de actividad que quieras darla y un amplio garaje con capacidad para dos turismos. Empezando nuestro recorrido, al entrar a la vivienda, nos encontramos el hall recibidor, a mano derecha tenemos el salón de 45 metros cuadrados con orientación este, suelo porcelánico de gran resistencia, también mencionar que la carpintería interior como exterior es la de origen y dispone de cerramiento de seguridad con verja en hierro forjado. El mismo dispone de chimenea con casete de mármol con cerramiento en hierro forjado que nos dará un ambiente acogedor en cualquier época del año. Siguiendo nuestro recorrido nos encontramos con un baño completo reformado con ducha con cerramiento en cristal templado y ventana con cristal al ácido.  A mano derecha tenemos una amplia cocina con office con muebles a medida de madera lacados en blanco y suelos porcelánicos rectificados, que nos da acceso al amplio jardín con cerramiento en panel sándwich con gran aislamiento térmico. Siguiendo por el pasillo distribuidor, llegamos al primer dormitorio principal orientado al noroeste con paredes en gotelé, tarima AC5 imitación madera de la mejor calidad y un amplio armario empotrado de madera maciza de 4 cuerpos lacado en color madera aprovechado al máximo y revestido completamente, aire acondicionado de frío y calor, además del ventilador de techo.  Dispone de baño completo en suite reformado con bañera con cerramiento en cristal templado, ventana al exterior con cristal al ácido. El segundo dormitorio orientado al oeste consta de las mismas cualidades, es decir, paredes en gotelé, tarima AC5 en color madera, aire acondicionado de frío y calor, y un armario empotrado de cuatro cuerpos aprovechado y revestido. El tercero de esta misma planta, orientado al suroeste consta de tarima AC 5 imitación madera, paredes en gotelé y un armario empotrado de 3 cuerpos. Subiendo a la segunda planta por las escaleras de mármol, nos da la bienvenida la amplia y diáfana buhardilla que podrás destinarla o bien a un dormitorio mas o cualquier tipo de actividad que se le quiera dar. Esta amplia y luminosa buhardilla dispone de suelos de tarima AC5 en color madera y paredes en gotelé con aire acondicionado de frío y calor. En cuanto al garaje con acceso directo desde la finca, dispone de cerramiento automático con capacidad para dos vehículos. Esta magnífica vivienda también consta de un gran cuarto de herramientas o incluso una zona de lavandería y un sótano no habilitado de 25metros cuadrados. EN CUANTO A LAS CALIDADES SON DE PRIMERA suelos de tarima AC5 y porcelánicos en cocina y salón, y aire acondicionado en dos de los dormitorios y en la buhardilla. En cuanto a ubicación es inmejorable a 10min de comercios(Mercadona, Ahorra mas, ultramarinos, etc), colegios e institutos (IES DUQUE DE RIVAS; CEIP LOS ALMENDROS...), zonas verdes, metro de Rivas urbanizaciones, a dos pasos del Cerro del Telégrafo  Mejor ver. FINANCIACIÓN HASTA EL 100% CON NUESTRO DEPARTAMENTO FINANCIERO KÌRON, CON MÁS DE 25 AÑOS HACIENDO REALIDAD TUS SUEÑOS. MÁS DE 100.000 HIPOTECAS INTERMEDIADAS. "". "". ""."".","True","good","False","","True","True","","2049.0","chalet","semidetachedHouse","Rivas Urbanizaciones, Rivas-Vaciamadrid","Chalet pareado en GRANADO","False","False","False","False","","","False","False","","","","","","","","","",""
